Nr;Gebiet;gehört zu;Wahlberechtigte;Wähler/-innen;Ungültige;Gültige;Christlich Demokratische Union Deutschlands;Sozialdemokratische Partei Deutschlands;BÜNDNIS 90/DIE GRÜNEN;DIE LINKE;Alternative für Deutschland;Christlich-Soziale Union in Bayern e.V.;Freie Demokratische Partei;FREIE WÄHLER;Piratenpartei Deutschland;PARTEI MENSCH UMWELT TIERSCHUTZ;Nationaldemokratische Partei Deutschlands;Familien-Partei Deutschlands;Ökologisch-Demokratische Partei;Partei für Arbeit, Rechtsstaat, Tierschutz, Elitenförderung und basisdemokratische Initiative;Ab jetzt...Demokratie durch Volksabstimmung - Politik für die Menschen;Bayernpartei;Deutsche Kommunistische Partei;Marxistisch-Leninistische Partei Deutschlands;Sozialistische Gleichheitspartei, Vierte Internationale;Aktion Partei für Tierschutz – DAS ORIGINAL;Allianz für Menschenrechte, Tier- und Naturschutz;Bündnis C - Christen für Deutschland;Bündnis für Innovation & Gerechtigkeit;Bündnis Grundeinkommen - Die Grundeinkommenspartei;Demokratie DIREKT!;Demokratie in Europa - DiEM25;DER DRITTE WEG;Die Grauen – Für alle Generationen;DIE RECHTE – Partei für Volksabstimmung, Souveränität und Heimatschutz;Die Violetten;Europäische Partei LIEBE;Feministische Partei DIE FRAUEN;Graue Panther;LKR - Bernd Lucke und die Liberal-Konservativen Reformer;Menschliche Welt - für das Wohl und Glücklichsein aller;Neue Liberale – Die Sozialliberalen;Ökologische Linke;Partei der Humanisten;PARTEI FÜR DIE TIERE DEUTSCHLAND;Partei für Gesundheitsforschung;Volt Deutschland;Übrige
01001;Flensburg, Stadt;01;70431;39647;237;39410;6829;5676;14603;2349;2477;;1988;257;405;925;44;345;184;1663;45;24;14;13;15;118;80;48;34;72;33;222;7;74;19;40;38;55;80;28;40;24;52;97;61;47;285;
01002;Kiel, Landeshauptstadt;01;186195;109595;577;109018;18311;17911;40324;6497;6459;;5270;525;1358;1488;119;599;516;4962;85;38;68;42;12;197;155;85;129;150;64;675;9;180;37;84;71;103;243;110;99;62;198;371;144;129;1139;
01003;Lübeck, Hansestadt;01;166530;90946;461;90485;18416;17566;28633;4231;6773;;4174;1018;883;1189;162;611;456;2680;77;48;49;40;6;214;125;97;213;89;56;332;13;121;40;78;97;126;181;73;68;54;97;234;126;104;935;
01004;Neumünster, Stadt;01;60215;29036;231;28805;7039;5286;7809;1041;2761;;1539;240;352;407;140;287;123;678;44;25;11;9;3;71;42;43;101;28;25;62;6;69;12;21;28;42;80;70;17;14;20;56;56;34;114;
01051;Dithmarschen;01;107045;58244;475;57769;17955;10294;12121;2002;5121;;4498;609;539;886;98;613;157;1089;81;28;22;13;12;126;94;25;6;64;32;100;13;126;38;47;65;70;170;45;54;23;41;78;118;111;185;
01053;Herzogtum Lauenburg;01;152666;91899;609;91290;24912;15940;23552;3168;8355;;5774;990;658;1439;171;919;508;1877;91;69;33;24;13;216;149;124;40;79;54;196;18;192;51;68;97;109;212;115;68;49;60;127;164;107;502;
01054;Nordfriesland;01;131877;77635;446;77189;23444;12566;22580;2449;4373;;4432;563;815;1115;119;771;244;1340;88;38;18;22;12;198;132;50;17;76;40;148;11;132;34;63;92;96;184;48;73;25;78;104;148;114;337;
01055;Ostholstein;01;165528;96712;723;95989;28117;18289;24383;2823;7752;;5910;1018;752;1282;171;947;336;1455;85;61;45;16;17;253;131;101;32;72;56;181;22;161;30;74;85;99;190;93;58;31;70;104;208;124;355;
01056;Pinneberg;01;239300;150689;1005;149684;39119;25994;43260;5480;11681;;9465;1102;1254;2049;182;1119;691;3258;179;87;54;22;15;352;241;152;194;114;104;452;31;313;68;119;110;179;381;183;94;83;99;222;219;169;794;
01057;Plön;01;105085;66925;424;66501;18150;11683;19797;2067;4846;;3618;559;582;900;100;564;231;1365;61;37;25;24;9;172;104;65;20;52;37;142;7;148;24;48;70;54;136;83;57;22;44;81;149;76;292;
01058;Rendsburg-Eckernförde;01;218614;136614;793;135821;38936;22593;39806;4221;9206;;7544;1001;1302;2091;195;1205;573;2993;126;71;36;29;15;317;231;95;87;131;71;327;18;282;48;110;96;128;320;153;97;64;123;201;269;178;532;
01059;Schleswig-Flensburg;01;159674;95525;618;94907;27527;15339;28887;3123;5705;;4739;1087;841;1474;103;997;361;1880;88;53;24;20;11;256;158;55;28;92;71;170;12;187;45;80;103;96;202;68;61;37;71;117;199;131;409;
01060;Segeberg;01;212630;126584;766;125818;34078;21105;33886;4597;10296;;8446;1407;1065;1937;212;1403;590;2552;159;79;43;18;13;304;216;143;71;105;85;309;17;316;50;105;122;165;351;144;92;53;93;168;223;147;653;
01061;Steinburg;01;104839;60505;387;60118;17285;9848;16150;2159;4675;;3682;593;613;978;123;598;200;1272;96;40;21;11;10;159;109;76;42;41;34;99;11;121;23;58;83;47;146;53;49;25;47;97;96;61;287;
01062;Stormarn;01;188732;123481;617;122864;32902;19924;36077;4138;9778;;8459;938;834;1607;157;1078;674;2403;112;71;51;11;13;263;187;103;98;102;67;300;13;260;41;84;109;136;291;141;75;55;107;168;179;148;710;
01;Schleswig-Holstein;99;2269361;1354037;8369;1345668;353020;230014;391868;50345;100258;;79538;11907;12253;19767;2096;12056;5844;31467;1417;769;514;314;176;3216;2154;1262;1112;1267;829;3715;208;2682;560;1079;1266;1505;3167;1407;1002;621;1200;2225;2359;1680;7529;
02000;Hamburg, Freie und Hansestadt;02;1302548;805905;9473;796432;140966;157840;247719;55375;51649;;44355;3392;6478;10973;877;2551;5504;30138;678;518;520;353;88;1403;1035;801;2640;1285;503;6375;144;1087;302;569;666;950;1530;990;763;723;1692;1601;1154;790;9455;
02;Hamburg;99;1302548;805905;9473;796432;140966;157840;247719;55375;51649;;44355;3392;6478;10973;877;2551;5504;30138;678;518;520;353;88;1403;1035;801;2640;1285;503;6375;144;1087;302;569;666;950;1530;990;763;723;1692;1601;1154;790;9455;
03101;Braunschweig, Stadt;03;190413;122195;573;121622;27475;24209;34110;5764;8329;;6281;598;1159;1782;177;611;765;4831;107;59;33;64;18;284;151;141;323;122;83;567;13;190;34;82;93;149;213;276;73;82;99;338;194;131;1612;
03102;Salzgitter, Stadt;03;72737;37215;393;36822;9268;9457;5440;1759;5519;;1538;263;204;637;149;287;102;796;43;35;10;9;10;138;74;48;175;19;14;50;12;72;39;20;47;50;65;69;18;12;19;56;77;78;144;
03103;Wolfsburg, Stadt;03;89191;50390;324;50066;14495;12056;8970;1811;5105;;2482;276;359;820;124;337;267;1153;77;49;37;28;7;152;86;152;70;26;33;102;11;94;19;24;42;64;116;69;36;25;23;70;93;89;217;
03151;Gifhorn;03;136223;82780;507;82273;26026;17360;15740;2629;8047;;3943;519;529;1289;144;614;363;1855;89;98;21;19;10;272;159;584;74;46;60;181;14;159;52;59;54;91;166;90;61;32;35;128;154;151;356;
03153;Goslar;03;107632;62885;495;62390;17949;15236;10754;2449;6409;;3052;340;385;1142;212;415;244;1550;94;68;16;13;9;241;107;45;87;70;38;133;9;133;61;35;62;70;114;89;38;15;38;111;136;111;310;
03154;Helmstedt;03;73182;42754;326;42428;13022;10514;6885;1470;3895;;2101;274;282;806;208;341;197;963;67;50;16;10;6;161;69;57;29;32;25;91;3;68;27;11;33;51;115;68;29;16;29;61;99;80;167;
03155;Northeim;03;107594;60355;361;59994;16764;16431;11405;1930;4877;;2959;352;335;852;163;399;199;1354;78;60;14;12;10;201;112;128;59;76;29;110;6;114;30;41;57;71;101;65;40;21;47;68;89;98;237;
03157;Peine;03;103605;64184;418;63766;16993;16669;12304;2229;5936;;2931;388;412;1119;142;507;251;1513;88;50;13;15;7;211;120;100;191;53;28;128;16;137;37;43;50;70;159;69;45;23;37;101;154;105;322;
03158;Wolfenbüttel;03;96324;62070;402;61668;17032;14374;13082;2185;5512;;3050;330;454;1031;141;357;256;1815;66;51;15;10;8;193;95;50;92;37;31;129;9;105;25;31;46;76;127;125;51;17;29;95;128;80;328;
03159;Göttingen;03;253354;152703;745;151958;38912;33889;38410;6652;10309;;6862;1352;1010;2055;276;834;666;4226;190;129;73;50;16;375;238;160;165;236;88;834;27;280;64;131;122;158;221;206;93;67;419;393;231;187;1352;
03241;Region Hannover;03;844533;540175;2752;537423;132337;112047;140558;23979;43422;;26322;3071;4331;7842;726;2872;2454;15886;682;415;290;229;56;1320;779;859;1842;524;311;2130;101;1080;276;333;403;621;1048;558;406;260;650;1166;865;761;3611;
03251;Diepholz;03;169375;105348;681;104667;33709;21150;22484;3533;7850;;6581;710;601;1418;155;665;524;2189;131;59;24;19;12;296;136;98;80;98;59;195;22;168;51;66;67;117;175;91;73;25;81;175;190;163;427;
03252;Hameln-Pyrmont;03;116288;67945;413;67532;19200;15755;13908;2609;6648;;3180;424;434;971;119;441;225;1273;109;67;15;8;11;249;150;110;102;46;38;141;15;137;47;47;53;119;133;68;40;22;41;79;131;87;280;
03254;Hildesheim;03;217020;135482;663;134819;37713;31123;30585;5024;11272;;6048;747;773;2050;260;879;555;3216;209;132;54;25;20;410;215;224;165;133;73;307;35;253;104;84;99;143;232;131;91;46;113;238;236;175;627;
03255;Holzminden;03;55950;33503;372;33131;9913;9336;5508;924;2759;;1902;167;188;435;72;234;98;558;56;46;11;2;3;116;69;88;32;31;23;43;8;40;15;26;33;34;54;27;17;14;23;41;52;33;100;
03256;Nienburg (Weser);03;94437;53561;352;53209;17389;11554;10762;1657;4601;;2554;323;324;693;114;351;159;1069;79;41;14;8;10;121;88;51;27;58;31;116;11;89;30;34;49;67;94;53;45;16;34;91;94;104;204;
03257;Schaumburg;03;124384;72992;399;72593;20079;17483;15795;2296;6544;;3234;496;451;1153;114;549;300;1549;91;69;20;15;9;205;115;158;138;62;41;148;16;144;56;64;64;73;164;83;50;24;65;102;164;105;305;
03351;Celle;03;139021;83672;435;83237;26932;15024;16508;2703;9096;;4657;807;462;1342;153;584;316;1712;115;98;27;15;8;294;154;215;36;70;54;186;20;177;31;51;77;101;184;115;60;31;59;116;158;132;357;
03352;Cuxhaven;03;158334;97886;832;97054;36581;19955;17489;3275;7845;;3709;756;519;1438;176;555;275;1593;169;65;23;22;17;286;178;65;36;88;35;140;13;141;50;64;71;131;210;99;68;31;63;135;200;133;355;
03353;Harburg;03;199955;132929;828;132101;38070;21515;34654;4437;11358;;7935;1309;839;2584;192;843;721;2754;134;145;36;28;10;315;193;216;87;95;89;408;17;261;73;101;94;142;293;521;99;79;102;183;229;169;771;
03354;Lüchow-Dannenberg;03;39160;23088;147;22941;6175;3915;6558;1269;1710;;896;125;121;333;39;167;151;595;29;11;12;11;6;73;35;39;2;64;15;107;3;32;11;20;30;24;38;25;23;7;92;19;36;32;91;
03355;Lüneburg;03;142507;95397;666;94731;23611;17596;27046;4530;7151;;3914;515;724;1728;216;567;608;2614;112;84;33;15;7;262;144;77;53;175;54;393;17;160;70;87;85;125;184;132;90;44;168;142;189;135;874;
03356;Osterholz;03;90731;56826;310;56516;16084;11606;13754;2714;4550;;2699;344;317;818;89;355;201;1105;73;42;17;11;6;173;99;73;32;54;29;155;10;115;27;33;44;63;122;55;44;19;40;118;109;66;251;
03357;Rotenburg (Wümme);03;129318;80401;456;79945;28225;14467;17223;2641;5814;;4221;768;476;1074;164;557;249;1708;111;59;17;16;13;207;142;107;35;62;40;159;15;125;34;45;66;93;114;78;67;29;52;108;116;123;325;
03358;Heidekreis;03;108608;64342;406;63936;19910;14195;12856;1987;5766;;3243;442;380;984;147;454;258;1179;109;47;28;8;11;201;118;107;22;73;32;117;23;138;47;52;49;94;126;70;47;25;48;85;112;101;245;
03359;Stade;03;157508;98083;593;97490;30779;18491;22224;3434;8245;;4715;842;784;1558;238;654;361;1965;126;67;24;15;14;249;140;80;92;85;69;212;8;160;50;58;86;87;168;182;70;51;65;147;166;108;621;
03360;Uelzen;03;74964;46290;375;45915;15072;9168;9501;1550;4038;;2348;225;327;651;89;300;191;906;44;27;21;9;7;144;78;67;13;51;24;87;11;80;37;24;48;58;99;61;39;13;42;71;83;76;235;
03361;Verden;03;105973;68058;498;67560;20584;14118;15916;2396;5242;;3132;555;380;929;101;394;270;1368;84;30;15;12;5;201;101;82;89;73;42;157;11;103;39;56;58;78;107;67;52;35;66;106;128;88;290;
03401;Delmenhorst, Stadt;03;56279;29611;259;29352;7315;6500;5907;1434;3480;;1403;262;198;607;48;224;100;716;53;28;7;5;5;102;53;18;118;29;20;58;7;71;16;20;33;25;108;39;21;11;25;33;61;64;128;
03402;Emden, Stadt;03;37967;22907;333;22574;4188;6545;4876;1282;2134;;1102;136;200;399;50;178;47;617;51;15;31;5;3;66;27;33;13;19;21;38;4;56;14;12;22;32;43;26;27;7;15;46;52;39;103;
03403;Oldenburg (Oldenburg), Stadt;03;129795;84221;388;83833;16019;14420;29947;5395;4379;;3885;445;619;1231;100;347;579;3148;92;39;55;29;9;204;120;53;105;110;50;400;8;114;26;51;48;101;135;289;58;51;168;219;106;86;593;
03404;Osnabrück, Stadt;03;123608;79178;393;78785;18653;13966;26208;4182;3780;;3762;301;559;857;73;262;456;2711;71;39;42;25;8;139;79;96;217;96;44;312;5;109;31;44;40;60;90;95;48;48;196;257;85;61;678;
03405;Wilhelmshaven, Stadt;03;61706;32937;315;32622;8502;8470;6412;1231;3021;;1431;325;176;483;57;231;93;879;53;66;17;18;2;101;49;15;11;31;24;90;5;72;24;17;23;47;63;93;24;14;25;80;75;54;218;
03451;Ammerland;03;97566;63255;463;62792;19150;12396;14780;2164;4419;;3766;415;357;949;98;498;597;1314;94;37;16;7;9;181;95;35;30;50;32;97;17;101;31;29;39;70;99;156;34;22;46;84;90;103;285;
03452;Aurich;03;153372;92401;1377;91024;22122;26003;17673;3462;8282;;4382;844;572;1563;185;711;288;1752;131;63;24;23;29;367;170;146;33;97;54;152;14;187;79;53;90;163;170;107;65;31;59;106;234;153;385;
03453;Cloppenburg;03;120227;66148;407;65741;31400;8862;10264;1797;4903;;3639;284;349;582;104;549;208;1169;62;23;6;8;7;131;62;206;16;32;41;53;3;89;21;33;40;74;93;82;39;18;27;90;61;82;232;
03454;Emsland;03;239069;150178;991;149187;73445;22028;24494;3611;8120;;7597;539;718;1346;190;948;331;2587;118;69;26;12;16;240;155;118;38;92;73;165;15;161;60;72;92;151;155;133;68;36;51;174;193;193;557;
03455;Friesland;03;81384;50517;527;49990;13854;12575;10287;1705;3873;;2663;297;293;846;76;381;191;1179;71;37;18;18;7;179;94;27;18;44;35;93;14;96;34;26;61;60;107;148;46;24;42;64;106;81;220;
03456;Grafschaft Bentheim;03;97968;65766;427;65339;25492;15485;12069;1724;3088;;3063;243;292;669;73;395;286;957;65;53;22;10;6;175;79;79;42;28;24;76;11;66;19;32;42;67;64;38;36;22;35;51;95;70;196;
03457;Leer;03;131488;73354;640;72714;19629;18618;14554;2683;6572;;3381;363;409;1114;138;610;314;1786;107;51;26;7;16;224;109;184;20;61;50;129;8;135;58;57;62;101;146;140;44;19;44;104;163;91;387;
03458;Oldenburg;03;101026;63567;287;63280;18017;11426;16006;2323;4914;;4327;716;354;973;88;466;300;1310;90;47;13;5;10;190;94;46;22;44;51;132;9;127;26;42;49;80;130;149;46;32;43;107;103;94;279;
03459;Osnabrück;03;272973;171071;1109;169962;61372;33789;38162;5296;9553;;8456;784;881;1806;248;1189;580;3181;179;123;41;24;21;351;201;329;119;113;73;299;14;238;90;104;137;208;196;172;101;63;99;220;288;219;643;
03460;Vechta;03;101152;65089;367;64722;31667;7671;11755;1522;3927;;3733;326;309;523;61;383;170;1274;75;24;20;12;5;93;67;30;51;16;24;77;5;86;21;28;46;72;69;36;25;21;25;94;51;69;259;
03461;Wesermarsch;03;69579;37953;294;37659;10540;8826;8152;1446;2973;;1993;235;235;604;69;267;123;914;64;10;17;10;6;124;79;16;41;25;25;69;5;100;29;33;33;44;75;52;31;11;22;72;70;75;144;
03462;Wittmund;03;46072;24414;232;24182;7688;5600;4547;748;2118;;1208;147;116;422;44;198;79;443;40;22;2;7;4;100;41;29;12;29;11;42;8;65;12;25;24;24;40;46;16;5;17;28;55;35;85;
03;Niedersachsen;99;6119552;3766076;24531;3741545;1119352;781873;846522;141841;297385;;186280;23980;24197;54508;6602;23960;15968;89232;4778;2899;1312;923;489;10317;5719;5641;5054;3475;2140;9808;628;6628;2027;2400;2963;4399;6725;5343;2594;1516;3518;6372;6501;5270;20406;
04011;Bremen, Stadt;04;390038;254481;3115;251366;55205;60790;58947;20056;17977;;11606;1427;2077;2646;288;682;604;8744;348;109;174;103;24;543;289;176;916;590;110;1258;37;247;127;92;127;282;344;181;341;89;474;917;343;248;1828;
04012;Bremerhaven, Stadt;04;80172;41806;812;40994;8873;10776;7443;2788;4473;;2105;209;505;715;96;243;88;1012;94;29;13;16;5;161;79;26;89;71;16;87;3;73;71;8;27;55;120;33;61;11;30;122;124;69;175;
04;Bremen;99;470210;296287;3927;292360;64078;71566;66390;22844;22450;;13711;1636;2582;3361;384;925;692;9756;442;138;187;119;29;704;368;202;1005;661;126;1345;40;320;198;100;154;337;464;214;402;100;504;1039;467;317;2003;
05111;Düsseldorf, Stadt;05;414530;263153;1417;261736;64587;39877;76394;12587;18079;;22172;1363;1721;3216;276;1097;1123;7742;255;163;129;162;19;588;308;172;1041;199;168;1334;25;434;88;192;224;251;592;352;176;183;198;526;401;295;3027;
05112;Duisburg, Stadt;05;325373;162888;1549;161339;32106;39558;31533;9320;19359;;8447;995;1220;2952;463;1216;579;4902;288;100;92;307;47;517;261;167;2223;121;89;422;25;431;192;142;137;216;469;101;120;74;135;272;412;286;1043;
05113;Essen, Stadt;05;416106;246269;1877;244392;57242;51163;55645;11303;26304;;15744;1342;1616;4491;415;1495;1015;6771;293;146;249;268;34;630;379;276;1276;200;142;713;36;551;124;192;185;288;538;231;228;136;171;423;363;261;1513;
05114;Krefeld, Stadt;05;162065;93883;776;93107;24916;17017;22805;4388;7248;;7041;462;694;1500;147;580;379;2297;121;51;43;63;7;214;126;70;468;116;62;317;11;173;38;76;74;97;168;85;63;41;71;150;212;128;588;
05116;Mönchengladbach, Stadt;05;188522;103352;982;102370;30600;16469;23257;4514;8868;;7215;685;807;1892;231;664;430;2685;151;66;44;40;7;259;175;51;617;83;72;243;19;221;43;91;86;107;238;63;77;49;73;198;260;143;577;
05117;Mülheim an der Ruhr, Stadt;05;123207;77168;572;76596;18298;16230;17594;3243;7396;;5832;465;521;1330;111;508;299;1880;84;47;35;71;11;202;106;73;287;56;33;196;13;146;37;104;54;84;194;84;40;48;53;120;172;102;437;
05119;Oberhausen, Stadt;05;150624;82902;851;82051;18091;20422;15337;4109;10010;;4336;457;735;1752;235;651;299;2202;126;51;25;70;10;227;119;49;408;52;52;189;12;206;58;202;83;132;242;53;45;43;42;112;239;137;431;
05120;Remscheid, Stadt;05;77129;43470;455;43015;11733;8290;9224;1910;4254;;2932;244;343;748;60;273;226;1020;87;22;31;15;6;101;65;59;353;39;21;67;9;95;37;41;41;55;91;37;43;19;13;71;98;53;189;
05122;Solingen, Klingenstadt;05;112713;64681;496;64185;16506;11310;15870;3090;5869;;4623;380;525;1093;75;421;322;1547;83;27;27;51;12;186;78;61;459;42;38;140;7;109;38;73;58;61;129;51;40;21;35;137;149;67;375;
05124;Wuppertal, Stadt;05;238998;140535;1050;139485;31132;25947;35420;8565;13628;;8718;805;1032;2489;273;778;648;4182;189;89;81;109;16;369;217;178;697;114;104;572;15;271;116;96;133;180;271;119;93;77;112;291;300;195;864;
05154;Kleve;05;227070;136898;1125;135773;48747;23140;29494;4398;8693;;9643;732;802;2026;177;936;622;2308;177;73;23;32;11;285;166;88;40;85;63;207;20;256;66;101;118;165;227;99;80;64;68;202;289;169;881;
05158;Mettmann;05;367255;234389;1810;232579;67116;40333;54144;8214;20603;;18496;1436;1783;3919;322;1589;1065;4623;347;172;65;100;30;661;322;251;893;140;151;589;35;522;129;202;163;304;602;263;171;121;124;337;499;287;1456;
05162;Rhein-Kreis Neuss;05;334970;211310;1588;209722;68001;34152;45451;6704;16801;;18190;1273;1433;3240;294;1474;977;4091;245;185;50;50;20;622;272;119;667;111;99;498;25;388;86;147;185;273;481;219;130;108;116;361;465;289;1430;
05166;Viersen;05;228023;141515;1125;140390;45987;22425;33174;4794;9873;;11048;942;911;2354;222;987;495;2645;189;79;35;22;13;355;197;132;223;88;66;288;21;310;53;133;123;154;314;112;107;69;63;185;302;161;739;
05170;Wesel;05;356669;218516;1807;216709;59081;48737;44847;9330;19658;;14243;1271;1337;3652;333;1713;681;4499;315;127;43;128;27;515;338;168;615;127;129;332;25;507;117;175;162;255;553;172;143;79;104;275;554;329;1013;
05314;Bonn, Stadt;05;228055;158398;748;157650;36302;24318;50340;7674;9418;;11084;765;1171;1707;92;467;1035;4955;119;99;65;69;11;210;125;176;1234;143;70;1054;17;158;48;85;77;180;154;297;64;114;213;419;155;107;2859;
05315;Köln, Stadt;05;740448;478587;2527;476060;94223;80808;156515;29156;29372;;29704;2213;3570;6244;370;1744;2247;16016;519;241;180;354;55;884;516;324;2115;431;223;3430;47;730;112;347;338;506;906;498;313;297;725;992;655;516;7624;
05316;Leverkusen, Stadt;05;116207;69726;580;69146;18053;13790;15693;2952;6510;;4613;419;553;1048;103;453;313;1748;109;51;12;62;7;197;94;35;272;48;56;190;9;153;29;55;70;74;222;72;67;39;38;135;143;130;529;
05334;Städteregion Aachen;05;405298;249038;1758;247280;66034;49126;60880;10988;17064;;14901;1068;2236;3323;294;1151;2261;6785;263;123;60;74;27;543;243;142;670;157;120;1146;21;325;101;155;149;255;369;201;147;141;173;681;451;227;4205;
05358;Düren;05;199697;120531;1259;119272;38646;23922;20431;4248;11541;;8474;747;860;2210;243;1043;513;2013;258;96;40;20;4;405;189;113;186;81;77;219;23;258;62;109;135;157;351;104;60;49;36;165;318;196;670;
05362;Rhein-Erft-Kreis;05;346326;220996;1807;219189;62997;43715;46003;7561;20340;;16994;1481;1612;3504;339;1516;768;4307;354;156;40;50;15;525;288;120;662;127;123;537;37;457;142;145;197;243;614;226;154;94;94;349;546;298;1459;
05366;Euskirchen;05;151478;92833;889;91944;31063;15099;16910;3101;8877;;7807;632;589;1668;137;752;438;1715;168;56;14;12;7;286;147;94;56;71;49;184;14;196;44;88;107;115;240;98;67;38;41;119;269;152;424;
05370;Heinsberg;05;191077;112550;1176;111374;39869;18552;21245;4098;9358;;7147;1080;697;2015;302;890;437;1946;166;73;12;18;12;321;180;56;148;70;58;162;15;225;62;92;106;139;372;63;72;52;50;128;315;129;642;
05374;Oberbergischer Kreis;05;207897;126841;1184;125657;39855;22044;26072;4505;11601;;8786;785;826;1995;162;1144;873;2305;208;85;21;36;13;341;155;624;216;102;89;237;25;247;88;109;138;102;283;108;102;47;62;180;273;154;659;
05378;Rheinisch-Bergischer Kreis;05;218103;148330;866;147464;44232;24012;38570;5015;10646;;11647;1157;834;2137;113;819;726;2674;205;98;30;34;13;330;182;181;217;87;79;422;9;240;44;98;101;111;274;187;101;75;62;224;272;173;1033;
05382;Rhein-Sieg-Kreis;05;455483;300253;2237;298016;89675;48389;72121;10666;24211;;22440;1970;2200;4846;377;1864;1654;6262;857;207;62;72;19;689;395;459;666;200;159;818;36;579;121;261;227;281;634;429;227;167;168;504;607;355;2142;
05512;Bottrop, Stadt;05;87999;52298;495;51803;12582;12867;8968;2138;6387;;3021;262;373;958;97;379;652;1131;65;27;232;52;5;168;60;17;188;24;34;85;3;116;36;33;43;64;102;34;45;21;18;69;132;87;228;
05513;Gelsenkirchen, Stadt;05;172667;88496;853;87643;17200;22497;13697;4025;14398;;4573;696;566;2215;278;691;251;2306;130;62;52;261;2;287;162;73;1006;73;61;103;23;215;110;60;76;115;252;65;85;29;50;143;254;152;349;
05515;Münster, Stadt;05;234502;172718;653;172065;41991;24719;62955;8565;6883;;9791;734;1065;1550;61;488;1628;5537;80;64;69;47;6;151;137;120;197;97;60;833;19;159;27;65;79;130;180;149;77;95;225;385;170;117;2360;
05554;Borken;05;278982;181446;997;180449;74957;29102;37233;4563;9778;;12301;1074;959;1762;177;1316;628;2665;170;81;41;18;6;275;155;97;101;47;93;259;20;252;28;89;106;155;278;86;106;74;58;220;220;196;703;
05558;Coesfeld;05;173128;120049;643;119406;45667;18389;28810;3401;6513;;7871;572;648;1206;129;1183;425;1910;105;60;12;25;6;148;111;43;48;41;34;182;24;179;49;64;77;128;151;76;73;32;43;137;165;142;527;
05562;Recklinghausen;05;469806;274015;2259;271756;69705;64106;50554;10973;31144;;15959;1572;1926;5283;485;2501;916;6106;453;178;105;224;28;725;460;197;1348;175;183;495;44;692;228;218;227;363;737;194;199;120;127;427;791;436;1152;
05566;Steinfurt;05;340622;221206;1366;219840;75685;43335;51259;7499;12331;;13251;1222;1282;2374;263;1455;829;3886;228;99;33;37;27;415;154;95;286;116;112;303;33;305;99;141;140;205;343;113;88;71;95;269;233;201;928;
05570;Warendorf;05;209212;135952;923;135029;48014;23999;29822;4323;9035;;9035;935;819;1527;145;988;489;2396;134;78;22;17;10;198;151;135;308;74;62;200;14;207;46;64;107;138;204;92;70;51;54;163;229;161;513;
05711;Bielefeld, Stadt;05;237243;151344;1114;150230;32604;28265;42289;9850;11498;;8251;880;1195;2135;172;812;793;4827;170;89;82;74;18;220;174;522;971;131;83;643;21;242;99;99;134;147;260;139;101;61;277;331;212;184;1175;
05754;Gütersloh;05;263291;164120;1124;162996;52419;27534;39536;5613;12505;;10355;1471;1014;2186;215;1279;854;2914;177;108;31;25;14;305;181;392;427;109;82;249;21;262;84;139;137;178;289;144;132;74;90;206;277;208;760;
05758;Herford;05;191048;113252;865;112387;29137;25721;24222;4512;11158;;6463;1428;722;1834;153;829;372;2067;151;64;34;43;3;234;157;449;299;67;56;169;17;206;74;82;107;126;204;80;82;24;72;132;224;132;481;
05762;Höxter;05;111469;69376;603;68773;27446;11333;11659;2174;5650;;4449;488;437;836;119;641;493;1165;84;53;16;7;6;117;59;119;100;35;24;73;14;116;39;39;82;81;125;58;35;32;27;82;131;84;245;
05766;Lippe;05;267750;164091;1464;162627;41966;35954;34841;6171;15680;;10678;1922;1084;2396;223;1290;773;3314;212;100;31;33;7;351;229;1456;428;100;81;278;27;309;77;123;150;186;305;145;128;44;100;223;296;224;692;
05770;Minden-Lübbecke;05;240181;141876;1074;140802;38637;33064;28989;5066;12816;;8706;1124;939;1937;221;1005;583;2879;193;53;44;22;17;229;175;877;225;107;60;231;23;263;79;88;117;126;242;176;84;53;69;207;276;183;617;
05774;Paderborn;05;230946;139286;994;138292;49607;19044;31362;4946;11131;;9196;870;945;1662;158;1030;641;3170;179;88;30;20;7;235;145;398;313;81;65;315;20;210;51;96;157;175;207;123;74;60;84;313;198;155;731;
05911;Bochum, Stadt;05;271416;165855;1364;164491;32600;37844;40110;9336;15598;;9186;962;1273;2751;328;1038;710;5341;242;96;78;220;39;443;221;183;731;144;86;590;25;312;215;144;150;273;381;136;153;109;172;421;401;269;1180;
05913;Dortmund, Stadt;05;412595;241207;1679;239528;46156;54803;59764;13420;22013;;14207;1400;2218;3975;441;1440;1097;7752;354;119;162;180;22;648;367;146;1340;243;186;860;19;525;633;192;211;313;622;174;200;128;262;481;513;321;1621;
05914;Hagen, Stadt der FernUniversität;05;130560;72691;641;72050;17401;16076;13200;3151;9077;;4644;542;537;1419;170;561;348;1610;107;64;30;83;7;162;119;95;736;44;40;174;17;189;62;58;81;93;196;69;54;32;48;102;212;124;316;
05915;Hamm, Stadt;05;125696;72575;601;71974;19513;16598;13850;2960;7847;;4182;488;579;1140;148;465;250;1403;111;40;19;17;7;193;95;46;468;39;39;106;13;127;108;41;47;79;131;61;47;20;37;91;160;88;321;
05916;Herne, Stadt;05;110657;59376;647;58729;11770;15717;10264;2971;7776;;2991;333;590;1188;141;476;166;1422;90;29;23;80;7;196;108;81;663;45;38;121;12;159;40;60;58;108;182;42;42;26;36;126;185;101;266;
05954;Ennepe-Ruhr-Kreis;05;251943;156316;1202;155114;35800;35666;36561;6316;14231;;10042;832;1530;2831;249;1058;717;3819;180;91;78;134;13;352;213;245;411;124;104;417;36;339;79;121;146;186;329;95;96;77;126;211;357;202;700;
05958;Hochsauerlandkreis;05;201504;125070;808;124262;51683;21337;19880;3535;9206;;8422;1035;651;1507;174;915;494;2252;173;66;14;25;6;234;137;87;113;50;41;141;31;181;42;97;102;136;215;97;65;42;36;141;221;170;508;
05962;Märkischer Kreis;05;302136;170134;1480;168654;52808;32827;30402;6262;16988;;11983;1240;1121;2934;346;1369;980;3092;304;122;59;71;14;489;252;541;605;97;98;312;35;398;78;155;134;209;395;156;114;58;84;228;349;253;692;
05966;Olpe;05;102295;64922;454;64468;29663;9958;9457;1617;4728;;4390;391;300;728;72;440;229;996;74;50;19;17;11;95;67;46;55;26;26;72;47;95;26;45;33;70;77;65;43;17;11;57;82;77;196;
05970;Siegen-Wittgenstein;05;211301;130012;983;129029;37646;26496;22787;5703;13427;;8638;911;805;1949;206;1012;1561;3107;217;143;44;29;22;235;170;594;324;68;65;281;62;253;64;96;120;143;264;157;102;54;111;238;250;158;517;
05974;Soest;05;232462;140546;875;139671;46716;25043;29429;5003;11331;;9811;856;845;1915;184;1066;589;2763;185;63;54;23;13;278;178;192;122;87;87;267;21;270;77;124;126;168;231;122;97;46;88;190;238;197;576;
05978;Unna;05;304843;181778;1557;180221;43125;45595;37618;7407;17690;;10643;1354;1341;2969;351;1491;646;3625;300;107;56;75;36;514;267;132;603;111;117;276;25;431;190;134;137;187;438;121;148;71;72;276;430;316;796;
05;Nordrhein-Westfalen;99;13149577;8069019;60229;8008790;2237590;1536734;1854487;337933;682400;;535316;50763;56392;122518;11872;53443;38539;187575;11044;4877;2978;4148;812;18359;10347;11616;29125;5445;4409;22541;1217;15200;4815;6178;6555;9067;16868;7293;5470;3766;5512;13425;15925;10277;55959;
06411;Darmstadt, Wissenschaftsstadt;06;107437;71045;410;70635;11506;10721;23761;5030;4569;;3997;528;850;871;33;189;940;3656;59;38;36;61;13;118;63;165;319;90;41;580;16;74;19;60;46;84;102;97;46;77;124;348;83;80;1145;
06412;Frankfurt am Main, Stadt;06;429856;258304;1371;256933;50517;38729;80382;16790;17316;;19895;2455;1970;2902;248;622;1318;9151;230;185;191;118;47;379;241;293;1719;309;119;2335;31;311;81;146;148;326;451;396;233;181;1084;570;323;308;3883;
06413;Offenbach am Main, Stadt;06;67788;34927;320;34607;7050;5629;8937;2520;3500;;1916;478;392;529;49;121;189;1213;56;33;20;6;8;73;46;46;339;51;16;272;12;65;19;98;21;63;63;43;23;16;116;74;62;54;389;
06414;Wiesbaden, Landeshauptstadt;06;188034;111027;975;110052;27077;19995;27906;5267;9667;;7596;1408;661;1371;99;315;614;3129;116;96;41;48;16;225;110;186;530;116;56;528;19;141;36;79;85;127;152;161;58;67;145;291;199;106;1213;
06431;Bergstraße;06;198695;120229;1364;118865;33924;20550;25914;3949;13356;;8104;1886;725;2201;260;684;713;2345;250;119;32;26;17;340;212;262;97;101;49;319;29;212;52;111;107;121;201;129;101;39;44;191;312;172;609;
06432;Darmstadt-Dieburg;06;215429;136397;1647;134750;32986;26378;32722;5527;12508;;8316;1858;1080;2347;213;746;1155;3299;293;141;117;47;16;397;217;422;258;114;57;427;19;260;62;120;99;186;278;167;101;52;119;257;286;249;854;
06433;Groß-Gerau;06;176014;100854;1180;99674;23762;19965;22748;4544;10435;;5332;2066;734;1758;145;589;544;2305;212;98;58;76;12;310;152;124;862;87;51;318;23;232;56;80;95;150;248;120;84;42;66;213;239;162;577;
06434;Hochtaunuskreis;06;164348;107046;636;106410;32197;14311;27258;3215;9165;;9939;1219;597;1368;128;377;558;2170;132;140;35;16;9;221;110;162;111;83;58;320;18;137;34;81;68;102;165;308;95;52;96;189;140;117;909;
06435;Main-Kinzig-Kreis;06;299123;168204;1925;166279;43758;29727;34729;6203;20729;;10275;3174;1143;3048;462;962;1319;3758;370;226;96;51;30;487;302;229;484;146;90;468;38;340;101;178;176;223;353;257;181;81;141;290;459;311;884;
06436;Main-Taunus-Kreis;06;165816;106307;826;105481;31652;15227;26299;3408;9479;;8485;1641;582;1420;115;455;616;2199;120;112;28;17;11;236;100;113;301;80;44;332;20;167;23;66;74;126;188;213;83;49;63;195;179;99;864;
06437;Odenwaldkreis;06;70869;39925;598;39327;10485;8636;6970;1717;4560;;2536;540;203;712;82;249;251;773;97;44;27;13;9;107;82;111;56;32;15;105;11;64;28;30;45;52;75;47;62;25;35;48;101;81;211;
06438;Offenbach;06;238715;142756;1431;141325;39264;21128;34684;5217;14225;;10089;2725;947;2206;196;711;940;3224;260;202;47;28;15;333;236;159;559;103;91;436;37;250;76;229;116;158;276;221;132;51;115;224;299;225;891;
06439;Rheingau-Taunus-Kreis;06;138642;89677;930;88747;26210;15184;20487;2926;8663;;6245;1308;524;1360;103;419;426;1868;103;103;23;16;10;237;91;135;70;73;45;222;44;104;30;61;77;105;161;120;72;31;62;175;173;102;579;
06440;Wetteraukreis;06;225720;131970;1423;130547;35201;22655;30002;4621;13745;;8570;2779;876;2190;631;671;822;2988;259;122;45;17;17;356;225;202;183;108;59;386;29;199;63;109;145;143;234;172;113;45;111;202;294;215;743;
06531;Gießen;06;200804;115449;1061;114388;26628;21074;28522;5780;11064;;6068;2665;673;1689;231;442;1071;3910;180;66;103;63;21;260;143;310;167;97;72;482;23;136;53;90;77;143;159;154;107;50;128;340;199;170;778;
06532;Lahn-Dill-Kreis;06;189854;99745;1108;98637;28512;19965;17594;3400;11847;;5420;2062;513;1500;343;547;969;2329;179;118;49;31;11;245;170;486;215;66;56;202;24;144;56;67;57;118;157;105;94;26;45;128;228;135;424;
06533;Limburg-Weilburg;06;128963;71311;781;70530;22646;13003;12937;2140;7821;;4514;1430;319;1233;139;378;302;1385;93;56;31;14;10;179;90;110;78;55;32;114;59;96;43;57;45;75;144;86;53;29;54;91;146;134;309;
06534;Marburg-Biedenkopf;06;183183;104228;689;103539;25203;20696;24425;6119;9621;;5267;1365;634;1484;142;487;956;2998;138;110;60;26;20;193;115;271;119;105;32;515;18;137;54;71;58;117;125;115;115;37;244;292;132;114;809;
06535;Vogelsbergkreis;06;84549;47658;647;47011;13725;9893;7797;1658;5823;;2904;1182;193;690;166;261;399;805;92;51;12;9;8;141;83;83;19;48;16;72;26;65;22;49;48;70;76;51;53;7;43;44;101;84;142;
06611;Kassel, documenta-Stadt;06;140438;77652;663;76989;13392;14867;23726;6189;5747;;3523;821;651;1046;90;248;616;2773;88;40;55;68;11;157;86;139;188;159;33;459;9;116;36;69;62;79;102;87;83;31;135;165;123;77;643;
06631;Fulda;06;169880;97074;1004;96070;36798;10911;16882;2896;12312;;6246;1620;459;1208;238;589;853;2045;166;131;19;10;11;216;117;227;48;71;44;174;22;138;40;79;69;121;155;105;87;38;57;139;171;153;405;
06632;Hersfeld-Rotenburg;06;93123;51375;671;50704;13211;13717;7649;1786;6717;;2670;959;249;666;194;285;253;816;78;51;7;8;5;156;82;182;25;38;29;66;10;76;28;24;44;53;76;47;40;8;14;34;124;77;150;
06633;Kassel;06;188527;106538;1478;105060;24050;30061;21314;4214;10021;;5346;1732;563;1586;148;568;376;1812;189;64;17;46;18;310;166;131;78;93;59;186;21;165;39;85;83;108;187;116;93;31;64;118;236;148;418;
06634;Schwalm-Eder-Kreis;06;142375;79752;1114;78638;18398;20751;14746;2550;8703;;4574;2511;427;1182;182;440;268;1490;152;61;29;14;17;225;104;171;36;64;33;105;10;118;72;52;79;96;117;75;64;26;34;83;181;146;252;
06635;Waldeck-Frankenberg;06;122990;64235;627;63608;18496;13981;12282;2063;6481;;4287;1188;293;898;130;348;266;1031;117;52;29;10;7;156;104;124;30;49;23;114;11;95;27;44;53;86;87;65;51;11;36;80;113;91;199;
06636;Werra-Meißner-Kreis;06;80896;45003;656;44347;11238;11663;7787;1853;4720;;2272;1241;173;635;77;217;240;800;81;29;29;13;13;116;70;55;11;59;40;116;11;46;12;32;47;66;49;48;38;7;72;50;96;70;155;
06;Hessen;99;4412068;2578688;25535;2553153;657886;469417;598460;111582;252794;;164386;42841;16431;38100;4844;11920;16974;64272;4110;2488;1236;852;382;6173;3517;4898;6902;2397;1260;9653;590;3888;1162;2167;2024;3098;4381;3505;2262;1109;3247;4831;4999;3680;18435;
07111;Koblenz, kreisfreie Stadt;07;83969;51017;542;50475;14599;9024;12104;1997;3736;;2842;1261;356;535;35;195;295;1793;46;50;7;11;12;79;81;52;31;37;22;185;7;29;11;36;34;69;71;64;39;29;55;112;76;41;417;
07131;Ahrweiler;07;101203;66724;883;65841;24456;10771;11930;1709;5224;;4508;1885;350;889;109;343;428;1160;91;98;13;8;7;150;107;52;89;57;28;130;10;79;43;50;40;80;119;92;37;17;36;78;156;71;341;
07132;Altenkirchen (Westerwald);07;100084;60892;954;59938;21118;13102;8148;1853;5820;;3693;1310;286;863;100;448;335;924;138;68;21;17;9;183;95;259;39;53;28;95;18;81;18;35;47;47;89;70;43;24;34;69;136;54;168;
07133;Bad Kreuznach;07;120062;76655;1389;75266;22504;17855;11872;2336;7705;;4827;1823;410;1224;102;510;417;1185;127;91;24;9;10;223;130;118;83;80;37;137;23;98;36;64;65;82;118;81;61;19;50;92;199;110;329;
07134;Birkenfeld;07;63925;37437;846;36591;11168;9765;4237;1169;3964;;2421;745;216;602;73;285;157;579;81;48;10;5;11;140;76;37;7;22;22;49;10;59;15;20;47;46;76;42;34;8;25;35;97;68;120;
07135;Cochem-Zell;07;48692;33505;784;32721;13925;6153;4131;717;2504;;2108;769;154;435;47;223;146;516;49;34;7;4;3;73;62;44;7;26;14;32;1;29;16;21;27;40;53;36;28;12;16;28;63;46;122;
07137;Mayen-Koblenz;07;166494;103595;1666;101929;36737;20891;16503;2578;8675;;5955;2598;587;1400;124;554;441;2035;165;102;15;9;9;218;187;149;66;59;49;156;15;103;43;71;79;110;160;108;68;33;53;101;214;95;414;
07138;Neuwied;07;138233;85529;1172;84357;27819;17879;14067;2604;7703;;5113;2054;448;1302;119;519;329;1527;157;93;13;9;4;225;156;250;80;80;48;148;25;116;37;81;66;95;156;72;63;24;39;106;221;108;402;
07140;Rhein-Hunsrück-Kreis;07;80638;54996;1040;53956;18684;11858;7526;1553;4763;;3751;1475;306;804;70;294;342;909;72;36;9;9;3;133;106;100;31;46;27;83;9;71;23;27;52;70;113;47;58;14;19;70;122;75;196;
07141;Rhein-Lahn-Kreis;07;94896;62471;1132;61339;17516;15515;9513;1792;5778;;3608;2249;332;1008;113;445;226;1301;97;80;17;11;5;179;124;65;33;52;30;118;13;82;35;60;53;69;96;64;57;19;34;75;160;94;221;
07143;Westerwaldkreis;07;154465;100878;1719;99159;36475;18474;14422;2837;9443;;6458;2899;525;1540;166;636;434;1770;157;107;17;16;4;296;185;201;118;83;35;139;39;123;38;75;82;120;161;102;68;37;46;101;255;122;353;
07211;Trier, kreisfreie Stadt;07;80431;48513;495;48018;11402;10828;12327;2432;3223;;2416;517;319;590;48;143;325;1756;60;24;36;11;8;79;74;38;30;45;21;229;1;40;15;26;31;51;60;53;31;25;51;155;75;37;386;
07231;Bernkastel-Wittlich;07;86098;56022;1166;54856;20367;11559;7377;1522;4197;;3691;1741;236;785;76;374;449;837;124;42;10;7;3;165;97;40;75;42;17;78;15;66;25;33;66;78;100;43;38;15;21;48;144;82;171;
07232;Eifelkreis Bitburg-Prüm;07;72189;50043;1222;48821;18773;10433;6823;1252;3355;;2872;1767;195;714;62;318;284;642;94;39;8;7;10;135;85;43;12;26;14;51;9;60;14;31;41;55;74;41;47;9;21;39;119;83;164;
07233;Vulkaneifel;07;47996;30759;673;30086;12511;5869;3897;862;2180;;1895;658;128;431;36;185;185;453;46;19;6;3;2;92;52;18;8;25;13;32;6;30;11;23;27;23;44;22;27;3;12;20;77;47;108;
07235;Trier-Saarburg;07;112648;79057;1456;77601;26435;20642;11493;2158;5364;;3493;2566;345;1019;112;410;277;1168;122;66;27;9;6;186;154;56;31;62;36;98;13;77;34;39;66;76;130;73;69;20;41;80;186;110;252;
07311;Frankenthal (Pfalz), kreisfreie Stadt;07;33348;19034;339;18695;5987;3656;2862;660;2532;;990;458;112;252;35;128;59;317;34;22;4;5;2;47;35;57;53;19;8;27;12;16;7;11;14;30;26;21;9;7;12;26;36;19;88;
07312;Kaiserslautern, kreisfreie Stadt;07;71365;38987;556;38431;8614;8256;7567;1671;4622;;2148;896;408;637;77;228;206;1420;66;42;12;7;8;124;72;64;27;39;18;132;49;50;30;46;22;57;71;45;35;9;31;129;91;71;334;
07313;Landau in der Pfalz, kreisfreie Stadt;07;36257;24124;268;23856;6078;4126;6626;993;1881;;1098;537;120;355;31;125;143;790;36;18;18;5;1;59;43;56;16;24;6;94;9;42;5;11;22;33;29;30;36;8;15;52;58;35;192;
07314;Ludwigshafen am Rhein, kreisfreie Stadt;07;102451;55399;1145;54254;12921;12702;8989;2151;7684;;2730;1176;446;868;158;314;208;1212;104;52;12;34;24;131;102;92;597;59;33;134;37;97;36;42;46;71;115;123;63;15;34;86;154;80;322;
07315;Mainz, kreisfreie Stadt;07;150251;102415;898;101517;23371;18047;29557;4528;5966;;5429;1061;1072;995;48;273;2019;3993;80;82;44;35;8;134;94;94;485;105;50;645;13;74;26;56;44;100;124;100;59;74;128;365;126;89;1924;
07316;Neustadt an der Weinstraße, kreisfreie Stadt;07;40621;26537;318;26219;7822;4433;5350;665;2611;;1555;1509;147;269;38;141;159;536;34;22;9;2;3;67;50;85;14;33;12;60;15;31;13;16;26;23;42;44;23;13;23;35;65;31;193;
07317;Pirmasens, kreisfreie Stadt;07;30963;15433;375;15058;4945;3352;1414;517;2245;;779;293;94;279;119;84;46;403;29;22;1;3;4;51;39;19;5;7;3;15;3;17;2;8;17;14;32;18;11;2;5;21;80;31;29;
07318;Speyer, kreisfreie Stadt;07;36237;21948;274;21674;5842;4532;4784;802;2278;;1039;312;109;326;22;113;130;516;18;19;5;3;0;55;43;69;12;30;11;57;6;37;18;14;24;37;49;30;16;9;25;34;53;33;162;
07319;Worms, kreisfreie Stadt;07;58080;32205;544;31661;8878;7316;5302;890;3942;;1611;767;188;507;63;183;140;681;64;41;8;6;1;84;80;42;41;37;10;69;6;44;19;22;34;49;51;40;36;6;19;55;78;53;198;
07320;Zweibrücken, kreisfreie Stadt;07;25997;13706;230;13476;3599;3533;1864;541;1583;;627;368;97;259;35;85;80;327;26;14;3;1;2;47;37;10;3;18;6;20;2;24;13;5;25;16;21;10;7;4;7;22;45;20;70;
07331;Alzey-Worms;07;98159;66606;1238;65368;17458;15784;9925;1679;8168;;4101;2114;416;1069;190;484;399;1112;139;91;16;13;4;234;144;133;60;59;28;135;21;79;51;46;74;93;108;82;46;25;42;84;223;136;303;
07332;Bad Dürkheim;07;104795;73282;1087;72195;21501;14734;11909;1755;8223;;4598;3102;368;1104;143;460;310;1174;125;57;9;10;3;236;162;153;88;72;29;125;59;93;37;45;64;84;121;97;60;26;39;110;202;126;582;
07333;Donnersbergkreis;07;58275;38700;755;37945;9733;9652;4925;1148;4742;;2183;1833;258;730;150;314;181;608;108;62;2;3;4;135;86;68;54;48;26;54;12;69;25;29;39;73;95;37;47;5;33;47;134;67;126;
07334;Germersheim;07;94398;62054;1065;60989;19420;11665;8534;1532;8686;;3632;1932;320;1040;142;400;361;1160;139;63;13;18;2;187;131;79;129;56;26;109;24;75;34;33;65;86;82;69;72;15;27;90;167;116;258;
07335;Kaiserslautern;07;81200;54712;1293;53419;16430;12224;6370;1659;6906;;2379;2654;319;1046;160;400;176;904;99;56;6;6;4;175;153;113;13;46;15;35;36;69;24;33;57;86;107;41;55;14;15;62;174;107;191;
07336;Kusel;07;56613;37705;958;36747;9392;10245;4082;1287;4989;;1606;1789;187;731;134;331;120;670;75;32;7;9;6;128;96;46;6;25;19;20;22;61;22;17;47;51;70;26;30;10;20;37;127;64;111;
07337;Südliche Weinstraße;07;87144;62279;1194;61085;20583;11558;10081;1473;6541;;3370;2341;277;934;114;395;272;999;131;59;21;9;6;212;132;96;15;62;21;112;22;91;28;48;68;96;94;66;53;20;48;78;188;97;274;
07338;Rhein-Pfalz-Kreis;07;117009;80643;1142;79501;24852;16039;13142;1896;9531;;4847;2165;432;1210;164;528;350;1405;147;123;18;16;4;254;158;156;107;55;40;151;56;119;49;51;60;122;160;101;64;22;31;106;252;133;385;
07339;Mainz-Bingen;07;158871;112369;1497;110872;32383;23496;22666;3258;9302;;6796;2588;753;1601;118;609;1202;2390;150;112;21;18;12;299;176;128;115;86;45;285;41;105;46;58;84;122;161;127;88;41;68;190;225;133;774;
07340;Südwestpfalz;07;78708;55974;1495;54479;19172;11215;5385;1359;6785;;3202;2027;311;1062;202;495;217;1042;116;94;10;15;3;251;141;86;8;39;27;72;12;88;41;34;83;84;120;51;62;11;16;36;226;117;162;
07;Rheinland-Pfalz;99;3072765;1992205;33810;1958395;613470;417183;327704;59835;192851;;114371;56239;11627;29415;3535;11972;11848;40214;3346;2080;479;363;207;5466;3745;3168;2588;1714;874;4111;671;2424;940;1317;1738;2438;3298;2168;1640;644;1191;2874;5004;2801;10842;
08111;Stuttgart, Landeshauptstadt;08;380985;255470;2172;253298;60371;34244;71920;12906;18876;;20739;5623;2799;2561;188;588;2749;8190;223;191;122;286;44;417;271;527;1050;300;122;1795;29;195;79;104;104;351;231;316;180;140;326;534;518;174;2915;
08115;Böblingen;08;262708;173851;2542;171309;53646;22184;37295;4509;17562;;13519;7806;1243;1666;251;718;1774;3082;193;227;30;123;25;304;195;793;363;137;73;526;27;199;82;85;53;227;205;250;136;73;67;280;315;185;881;
08116;Esslingen;08;365828;242055;3565;238490;71185;32659;55218;7093;22958;;17211;11074;1692;2693;281;975;2422;4514;242;315;42;160;18;560;311;839;450;206;121;839;37;255;144;117;97;329;317;343;154;87;116;348;511;269;1288;
08117;Göppingen;08;178436;111874;2128;109746;33437;15274;22399;2678;13732;;7617;5092;823;1428;187;510;935;1842;161;189;23;49;7;315;160;275;322;110;57;227;30;132;80;66;53;153;152;151;74;32;51;105;292;134;392;
08118;Ludwigsburg;08;365970;244616;3596;241020;71214;33204;54317;7379;23909;;17510;11186;1623;2742;314;1053;3046;4676;267;290;42;133;28;521;321;887;1020;182;119;656;45;288;141;112;112;321;356;331;157;97;168;303;475;260;1215;
08119;Rems-Murr-Kreis;08;297477;193131;2913;190218;57809;25739;37425;5405;21895;;15925;7258;1519;2445;322;952;2654;3516;262;301;40;93;15;491;326;911;451;146;89;584;29;251;134;127;95;281;235;278;145;55;151;218;483;260;903;
08121;Heilbronn, Stadt;08;77185;42835;636;42199;11262;6926;8676;1643;5495;;3320;1024;256;378;82;136;415;911;53;54;14;56;5;70;60;85;318;30;25;111;5;59;27;25;17;58;53;53;29;13;22;45;84;52;252;
08125;Heilbronn;08;242435;155172;3401;151771;46334;21795;28157;3863;19561;;11632;5561;885;1863;487;887;2321;2558;248;222;32;60;11;462;252;655;462;119;81;237;46;207;151;103;76;227;215;205;117;50;61;213;420;232;703;
08126;Hohenlohekreis;08;82480;51822;857;50965;17051;6562;9913;1261;6074;;4274;1405;296;576;180;362;457;741;62;84;11;16;4;132;74;266;25;39;20;93;6;65;46;37;37;76;100;53;43;19;31;79;144;78;173;
08127;Schwäbisch Hall;08;143275;86854;1594;85260;26184;11966;18248;2472;9753;;6406;1863;492;931;190;525;1723;1448;108;119;17;48;9;176;156;412;79;74;44;145;25;108;72;81;63;151;115;102;78;17;46;98;217;133;366;
08128;Main-Tauber-Kreis;08;101414;67155;1544;65611;26034;8635;11369;1554;7056;;3486;1840;358;680;139;454;1035;970;99;110;7;8;7;173;112;131;37;40;27;98;13;97;51;42;40;109;82;76;47;14;21;63;157;98;242;
08135;Heidenheim;08;93726;54670;1144;53526;18605;8335;10740;1570;5471;;2477;1676;321;572;101;300;740;865;78;82;61;27;5;123;90;160;39;44;21;95;19;69;43;33;28;72;73;56;34;13;28;57;141;58;204;
08136;Ostalbkreis;08;231322;145645;3025;142620;54654;18996;28068;4063;14234;;7742;3939;851;1545;241;749;878;2289;193;232;23;68;12;324;206;310;212;127;63;243;29;133;98;91;79;191;203;164;84;32;82;152;288;151;581;
08211;Baden-Baden, Stadt;08;38487;23731;328;23403;7488;2884;6027;611;2235;;1775;570;108;270;17;92;112;346;40;46;5;2;1;51;33;47;19;23;14;97;6;21;16;16;15;15;27;52;24;8;16;38;47;35;154;
08212;Karlsruhe, Stadt;08;209516;135402;1346;134056;28275;18182;42429;6760;10787;;8352;1560;1305;1694;99;362;1111;5445;110;84;33;128;18;262;178;510;171;162;72;904;15;113;67;81;56;148;156;212;98;92;172;484;263;124;2982;
08215;Karlsruhe;08;323238;209814;4275;205539;67206;28548;42287;5241;23146;;12965;6988;1219;3103;265;1104;1232;4197;291;221;40;66;27;562;337;867;291;178;113;443;29;259;184;148;134;265;303;403;195;56;111;368;636;304;1207;
08216;Rastatt;08;167254;103779;2644;101135;33912;13855;20869;2455;11743;;5779;4104;528;1448;137;555;526;1625;168;121;21;32;7;322;206;145;140;66;54;214;10;138;104;63;51;154;163;149;94;30;42;113;293;148;551;
08221;Heidelberg, Stadt;08;100384;70400;535;69865;13007;10378;25322;3789;4303;;4298;555;401;573;35;129;613;2305;41;36;30;44;5;93;65;123;57;72;29;644;9;36;12;39;26;72;42;81;43;41;110;249;89;42;2027;
08222;Mannheim, Universitätsstadt;08;199916;116585;1484;115101;24961;20939;30064;5353;12287;;7261;1596;752;1656;216;421;578;3869;129;112;68;76;14;335;156;172;478;105;53;542;32;131;61;77;48;149;150;151;81;54;118;237;292;123;1204;
08225;Neckar-Odenwald-Kreis;08;108354;68991;1675;67316;25669;9902;10523;1602;7940;;3726;2652;320;807;176;458;511;891;98;86;15;20;5;173;116;166;52;49;27;86;14;87;43;43;42;90;81;72;66;18;25;63;210;114;278;
08226;Rhein-Neckar-Kreis;08;399897;263457;5367;258090;74431;40809;58990;7952;27721;;16599;8592;1515;3631;578;1317;1424;5334;330;260;71;48;28;737;433;678;345;192;115;605;58;346;147;162;136;293;348;330;228;89;129;394;699;291;1705;
08231;Pforzheim, Stadt;08;75907;40419;793;39626;10662;5517;6984;1433;6995;;3013;874;259;797;58;237;256;785;76;84;6;24;5;122;61;154;58;37;22;124;7;48;48;27;29;69;66;79;42;13;26;71;130;62;266;
08235;Calw;08;112394;71274;1213;70061;24496;8212;12379;1711;9387;;5086;2187;344;980;132;461;585;1001;131;120;23;28;6;178;156;655;90;65;39;157;21;104;58;61;52;124;140;98;57;13;36;67;197;116;308;
08236;Enzkreis;08;143293;94043;1604;92439;27583;12789;18353;2035;11985;;7260;2919;483;1983;185;513;690;1543;119;146;13;21;12;327;190;760;84;103;63;185;19;167;99;55;55;143;151;179;79;28;34;96;334;148;508;
08237;Freudenstadt;08;86400;53081;1045;52036;18717;5904;8900;1205;6600;;4775;1327;288;709;103;327;452;647;81;89;8;14;5;137;106;391;48;41;35;93;13;67;29;34;32;130;83;62;52;14;28;53;148;92;197;
08311;Freiburg im Breisgau, Stadt;08;157789;106346;946;105400;17119;14631;40624;6992;5586;;4570;1334;628;1391;86;252;1515;3971;90;66;39;66;16;195;128;225;55;229;75;2279;16;91;43;100;42;200;104;159;104;77;316;267;184;85;1450;
08315;Breisgau-Hochschwarzwald;08;193103;130008;2824;127184;39442;17102;34990;3558;9638;;7701;3210;602;1985;131;676;1192;2136;210;151;24;36;12;338;249;378;66;172;74;608;20;129;71;102;79;187;204;192;117;53;109;131;306;144;659;
08316;Emmendingen;08;123701;81001;1839;79162;23443;11928;20137;2209;6466;;4668;2319;566;1291;74;382;1377;1453;123;98;12;15;6;239;135;165;39;101;36;260;11;111;64;80;52;118;109;111;97;29;49;103;241;105;340;
08317;Ortenaukreis;08;317094;192979;4389;188590;64859;24592;42851;4346;18858;;10226;7411;968;2594;234;1056;1293;2785;324;228;30;24;16;586;391;444;111;172;97;350;24;231;111;114;112;301;286;281;174;62;112;213;574;288;861;
08325;Rottweil;08;102914;63538;1374;62164;23180;6914;10693;1260;7203;;4739;1948;279;773;106;432;1663;812;136;95;7;7;3;173;123;182;48;32;36;125;10;87;48;34;52;100;95;88;60;15;25;66;169;96;250;
08326;Schwarzwald-Baar-Kreis;08;149042;87251;1829;85422;31216;9878;17958;1963;8413;;6123;2770;447;1011;249;452;598;1209;150;142;16;32;11;195;208;290;80;90;54;161;30;107;64;55;52;119;128;139;78;32;49;120;226;108;399;
08327;Tuttlingen;08;95213;57744;1459;56285;21370;5827;10297;1247;6124;;4532;1703;303;782;138;341;425;830;110;83;8;12;6;166;321;219;120;44;32;107;13;72;44;49;56;86;85;80;48;19;22;58;163;93;250;
08335;Konstanz;08;205147;129936;2207;127729;37503;15082;36213;4362;10243;;8550;3729;714;1574;141;568;1060;2865;226;174;26;20;13;290;217;340;89;168;97;479;45;157;92;102;71;194;166;248;119;64;107;203;283;129;1006;
08336;Lörrach;08;161560;97521;1840;95681;26540;14931;24392;3045;8632;;6051;3381;682;1274;138;477;625;1598;226;116;13;63;9;295;202;414;73;131;67;300;24;110;68;70;54;143;177;149;113;18;69;130;274;111;496;
08337;Waldshut;08;119122;73466;1431;72035;25704;8863;16563;1746;6486;;4228;2776;356;858;95;374;538;929;159;92;21;14;5;177;132;223;74;65;36;155;12;79;38;45;36;114;114;83;80;26;38;65;209;106;321;
08415;Reutlingen;08;200184;124190;1742;122448;37282;15557;27491;3697;13140;;12041;3072;706;1308;164;619;949;1929;181;180;33;58;7;292;184;617;166;110;79;294;36;126;68;71;65;141;144;254;103;51;70;209;235;130;589;
08416;Tübingen;08;161993;113120;1230;111890;27294;15040;35359;5937;8199;;6603;1836;750;1252;109;404;1289;2929;117;101;56;71;12;193;122;519;116;127;54;761;12;101;73;53;52;137;95;215;73;64;155;271;195;96;1048;
08417;Zollernalbkreis;08;138389;82245;1733;80512;28629;9262;14378;2017;10153;;6408;2519;428;1074;153;550;537;1190;129;147;14;104;9;237;156;273;109;80;42;105;16;144;70;60;64;127;115;127;86;26;49;117;339;135;334;
08421;Ulm, Universitätsstadt;08;83482;53462;513;52949;13361;7491;16260;1879;3798;;3259;1034;610;614;56;191;646;1561;60;94;23;60;5;98;77;113;79;67;35;260;8;70;25;39;23;61;73;87;51;20;41;147;73;66;434;
08425;Alb-Donau-Kreis;08;140125;93883;1720;92163;36102;10051;18797;1772;9144;;5426;3101;517;1022;207;627;935;1254;148;157;9;38;11;198;130;383;103;72;64;164;22;138;53;59;51;151;136;122;84;36;41;129;239;127;343;
08426;Biberach;08;146207;94008;1817;92191;37237;8218;18930;1761;8583;;5442;2985;574;989;167;652;2056;1234;158;192;10;14;5;217;150;273;72;90;56;150;25;161;67;55;66;304;158;111;110;35;54;101;202;135;392;
08435;Bodenseekreis;08;158275;105627;1538;104089;34247;11613;26805;2735;8966;;7115;3444;504;1132;113;475;1397;1696;151;166;17;33;6;229;178;249;84;147;51;284;15;114;53;95;53;149;148;172;127;37;70;128;247;114;730;
08436;Ravensburg;08;208837;133795;1981;131814;46741;12389;33803;3360;9979;;7429;4907;635;1451;150;757;3570;2143;191;214;18;41;9;253;178;352;138;154;94;296;14;133;73;107;70;188;163;163;248;44;88;153;243;134;741;
08437;Sigmaringen;08;96823;61177;1304;59873;24500;5287;12283;1190;6120;;3654;2122;297;757;114;367;468;725;94;85;12;10;11;166;111;123;70;53;38;98;18;77;59;44;35;83;87;73;65;10;30;85;160;75;217;
08;Baden-Württemberg;99;7747281;4957423;85142;4872281;1499962;649094;1135696;151619;487436;;331512;154872;31246;60863;7589;23837;51372;96839;6786;6402;1185;2348;495;11904;7963;16701;8353;4751;2615;16979;944;5813;3200;3163;2615;7101;6634;7100;4274;1816;3511;7424;11945;5960;32362;
09161;Ingolstadt, Stadt;09;91126;48289;173;48116;;4212;9086;1369;5198;18180;2170;1959;375;480;57;146;1763;1181;48;398;5;9;4;62;52;67;84;22;24;152;9;69;15;39;21;59;51;61;39;21;26;142;74;67;320;
09162;München, Landeshauptstadt;09;928090;607234;952;606282;;69403;189175;19207;36282;163350;32118;14721;3763;6357;368;1109;21945;16135;323;2992;230;171;52;762;621;458;948;534;292;4320;67;506;156;369;272;639;688;926;392;346;688;1361;617;485;13134;
09163;Rosenheim, Stadt;09;41410;23722;65;23657;;2227;5184;575;2241;8480;882;930;142;294;17;93;813;570;19;367;10;2;1;41;57;31;31;21;14;81;10;31;11;20;16;32;32;19;15;19;21;53;51;29;175;
09171;Altötting;09;82914;46301;114;46187;;3589;6449;859;4051;22900;1151;2284;180;542;67;174;1323;848;69;603;4;6;4;85;69;36;21;31;22;78;16;62;25;34;34;30;60;90;34;15;32;32;69;44;165;
09172;Berchtesgadener Land;09;75243;43460;152;43308;;3179;7178;848;3802;20329;1104;2326;143;526;63;138;1180;617;34;747;12;3;5;79;63;89;8;29;20;114;7;53;20;28;23;28;53;70;34;11;25;49;65;54;152;
09173;Bad Tölz-Wolfratshausen;09;93112;58996;169;58827;;4172;11572;1208;4547;25114;2101;3353;245;636;38;213;2072;859;55;985;6;5;38;103;59;48;22;31;35;168;10;57;25;70;46;67;74;81;47;30;29;92;75;56;383;
09174;Dachau;09;105723;68828;166;68662;;5416;12866;1143;5770;27854;2467;4299;364;869;66;300;3078;1196;67;911;9;23;2;106;115;66;39;29;47;221;21;94;22;54;26;57;90;77;49;27;48;104;114;91;465;
09175;Ebersberg;09;100417;68997;154;68843;;5907;15695;1289;4798;26850;2839;3281;381;788;43;245;2462;1282;53;882;13;4;4;122;80;66;24;52;42;231;13;86;20;45;42;57;88;100;57;26;31;92;82;65;606;
09176;Eichstätt;09;98064;62387;167;62220;;4817;7698;1008;6022;30148;1659;4075;237;614;78;200;2487;995;57;835;10;7;2;91;53;60;46;20;28;124;16;87;14;34;26;49;61;43;31;17;25;68;60;76;242;
09177;Erding;09;99996;63272;181;63091;;4116;11160;1207;5797;26174;2017;4589;331;760;60;256;2678;1126;53;1030;9;10;7;136;85;63;34;33;32;153;12;108;21;41;41;72;70;87;36;23;27;100;101;84;352;
09178;Freising;09;121726;77503;193;77310;;5738;16738;1748;6414;28108;2737;5650;516;925;94;271;3002;1887;73;792;17;15;15;143;91;64;143;61;51;292;20;78;28;37;48;74;127;112;49;40;42;213;102;92;663;
09179;Fürstenfeldbruck;09;155179;104528;239;104289;;9798;23606;2102;7694;39135;4130;5550;673;1261;105;361;3603;1990;86;973;18;14;5;166;156;135;102;68;52;336;21;133;32;74;52;83;145;146;80;42;53;204;177;97;831;
09180;Garmisch-Partenkirchen;09;65722;41459;152;41307;;2514;6785;658;3532;19278;1418;2498;114;424;47;127;1837;434;52;585;8;2;1;78;51;35;12;23;25;111;10;33;12;26;33;44;41;48;22;8;38;44;66;37;196;
09181;Landsberg am Lech;09;90787;60365;139;60226;;4363;14416;1269;4381;23196;2118;2650;323;720;60;220;2697;1170;48;808;7;2;9;108;71;79;18;49;34;225;6;70;15;50;30;47;84;89;54;20;39;101;85;63;432;
09182;Miesbach;09;73516;47866;123;47743;;3435;8519;751;3538;21486;1907;2790;192;556;52;138;1507;651;46;815;7;3;5;70;75;41;13;30;27;158;10;51;19;41;42;49;66;68;51;19;13;52;92;43;315;
09183;Mühldorf a.Inn;09;85802;48883;136;48747;;2846;6372;846;5008;23591;1298;2871;203;563;59;187;1818;866;51;905;11;5;1;94;91;60;37;43;22;107;9;71;24;34;17;55;54;62;33;7;17;69;83;61;196;
09184;München;09;238218;168469;326;168143;;16817;39977;3015;11249;63227;8666;6397;946;1994;86;483;5591;3011;110;1224;27;22;9;278;191;124;154;88;88;599;30;192;37;86;78;132;197;253;99;64;72;331;227;148;1824;
09185;Neuburg-Schrobenhausen;09;72036;39960;85;39875;;2427;4974;639;3669;19694;962;3787;183;366;63;120;1000;629;31;471;6;4;3;52;66;27;27;17;16;56;17;37;16;33;19;37;50;37;34;12;12;63;45;45;129;
09186;Pfaffenhofen a.d.Ilm;09;93530;55817;139;55678;;4107;8225;947;5752;24951;1790;3382;330;602;73;203;2154;898;49;805;5;12;4;85;61;41;38;33;30;122;23;86;19;31;26;46;73;54;43;21;23;79;99;73;283;
09187;Rosenheim;09;195791;123504;281;123223;;8768;22753;2020;10275;53763;4078;6261;528;1428;123;402;4917;1715;130;2691;26;19;3;211;204;137;47;115;57;355;24;168;43;94;72;103;165;156;107;34;80;145;242;126;638;
09188;Starnberg;09;97203;69908;120;69788;;6009;18054;1226;4495;25959;4038;2685;338;759;51;132;2254;1056;44;564;7;11;5;114;85;42;17;54;29;262;8;55;20;39;45;59;75;121;37;24;45;87;89;56;738;
09189;Traunstein;09;134120;79687;210;79477;;6081;14772;1558;6002;35971;2035;3988;272;943;91;232;2629;1163;88;1717;9;7;4;128;99;135;18;57;40;190;13;100;24;67;57;62;83;105;61;23;42;85;120;80;326;
09190;Weilheim-Schongau;09;102661;65600;186;65414;;5273;11958;1378;4847;26812;1992;3868;275;737;103;297;3949;1046;50;997;14;9;12;116;96;67;39;49;35;187;13;78;28;45;43;78;105;82;46;17;41;82;108;65;377;
09261;Landshut, Stadt;09;49256;28802;73;28729;;2158;5668;733;2552;11819;1139;1224;166;394;38;86;973;606;17;267;13;11;5;45;52;30;32;20;13;113;7;28;8;27;27;25;34;31;38;9;30;39;44;34;174;
09262;Passau, Stadt;09;38257;22466;55;22411;;1932;4524;614;1824;9307;806;402;106;255;19;58;997;494;16;201;2;0;4;26;32;26;6;19;8;79;4;22;7;15;9;14;19;35;15;9;27;38;25;19;396;
09263;Straubing, Stadt;09;34121;17101;68;17033;;1132;1981;410;1993;8669;408;619;81;201;39;56;631;276;23;163;1;7;2;28;23;10;8;8;6;34;2;15;5;12;13;14;13;11;10;3;4;12;26;22;62;
09271;Deggendorf;09;91964;47103;109;46994;;2907;4657;735;5359;25300;1062;2522;188;481;72;145;1212;547;51;789;7;3;4;78;62;22;26;20;17;77;18;42;31;33;25;44;35;85;18;6;20;38;75;53;128;
09272;Freyung-Grafenau;09;63757;31715;76;31639;;1842;2446;448;3627;18113;571;1660;89;282;47;65;889;245;24;711;6;2;1;55;40;9;2;12;11;57;8;24;15;13;16;20;25;43;10;7;9;40;47;40;68;
09273;Kelheim;09;88551;53127;136;52991;;3150;5521;814;4731;29891;1028;2382;216;570;96;126;1863;658;49;771;7;10;4;89;59;35;42;30;19;115;23;50;28;35;33;56;50;42;26;14;21;51;84;47;155;
09274;Landshut;09;118913;73247;176;73071;;3965;8644;1086;7140;37043;1882;5926;300;864;82;239;2337;872;62;1038;9;6;3;125;75;75;27;38;34;131;18;76;28;72;36;66;64;64;47;12;28;80;127;87;263;
09275;Passau;09;150646;79632;185;79447;;5523;7714;1285;8401;43161;1777;3573;261;896;118;284;2673;805;82;1235;5;4;1;154;104;69;17;38;22;118;37;101;27;41;52;58;70;121;51;10;30;71;120;93;245;
09276;Regen;09;62104;29571;74;29497;;1955;2303;460;3936;16146;576;1286;114;286;34;73;819;362;30;511;2;2;2;66;39;25;2;20;5;35;33;27;10;16;23;26;21;46;15;3;12;33;46;35;62;
09277;Rottal-Inn;09;92148;50147;141;50006;;2752;5141;755;4664;27909;1096;2547;163;550;45;139;1732;547;35;842;6;6;2;97;80;22;6;27;21;86;18;61;17;29;27;39;45;67;46;12;11;48;82;46;188;
09278;Straubing-Bogen;09;77829;45784;106;45678;;2028;3601;559;4828;26820;810;2703;155;391;108;126;1710;454;40;589;9;3;4;56;42;16;6;18;26;54;14;58;14;14;22;31;39;22;17;6;14;49;54;57;111;
09279;Dingolfing-Landau;09;71333;38793;107;38686;;2330;3181;556;4382;21311;910;2068;182;403;61;120;1427;433;23;588;1;3;4;67;36;30;14;19;10;38;14;33;14;29;16;24;38;34;23;9;14;28;48;42;123;
09361;Amberg, Stadt;09;32373;16912;68;16844;;2098;2690;486;1842;6682;483;690;136;204;23;59;541;322;20;163;2;2;0;30;23;19;6;9;13;40;7;27;2;6;10;15;20;17;9;2;5;28;27;27;59;
09362;Regensburg, Stadt;09;106300;64366;120;64246;;5589;17573;2306;4576;20570;2306;2221;516;645;38;141;2593;2237;42;389;35;10;4;90;78;56;60;62;29;609;16;68;14;58;41;70;53;87;50;31;94;177;64;63;585;
09363;Weiden i.d.OPf., Stadt;09;32545;17022;61;16961;;2214;2518;505;1818;6899;579;709;107;182;19;67;393;289;29;174;4;4;0;46;29;9;19;14;10;52;10;18;5;14;9;22;13;15;13;5;11;28;29;27;53;
09371;Amberg-Sulzbach;09;81933;49404;168;49236;;5871;5825;955;4705;21848;1135;3712;281;521;92;185;1578;803;50;593;10;7;1;100;76;53;9;26;22;70;12;76;16;21;38;53;45;31;35;8;18;35;103;64;153;
09372;Cham;09;102050;54266;125;54141;;2802;4491;767;6546;28712;891;4918;186;487;80;193;1548;595;61;791;12;4;2;84;57;44;2;28;17;76;109;61;15;23;23;42;54;31;37;7;16;50;98;64;117;
09373;Neumarkt i.d.OPf.;09;101502;63990;144;63846;;3929;8850;1272;5406;32256;1457;4343;324;635;112;249;1947;1043;57;596;16;4;2;95;81;65;34;71;22;111;37;59;25;31;29;59;51;57;32;17;22;69;103;86;192;
09374;Neustadt a.d.Waldnaab;09;75822;44479;147;44332;;5193;4386;774;4367;21420;986;3323;183;429;93;177;1015;483;50;532;6;4;2;81;65;41;6;25;24;62;8;56;9;28;27;55;38;26;32;8;16;44;87;61;110;
09375;Regensburg;09;147691;92345;264;92081;;6510;12911;1661;8832;43058;2114;7844;470;920;122;315;2871;1373;81;950;17;7;3;150;102;79;38;54;32;236;24;83;30;74;46;68;101;104;54;24;32;114;133;114;330;
09376;Schwandorf;09;114507;63717;184;63533;;6302;6093;1236;7421;30278;1301;4462;275;681;150;276;1866;816;72;896;10;9;0;126;95;63;38;34;26;73;21;84;27;42;37;64;70;83;43;23;25;55;116;79;165;
09377;Tirschenreuth;09;58961;34674;109;34565;;3368;3206;548;2914;18086;667;2839;126;349;75;117;639;507;37;394;2;4;2;76;45;49;9;23;6;33;7;39;11;22;21;23;41;21;21;6;7;30;78;46;71;
09461;Bamberg, Stadt;09;55702;33617;93;33524;;3234;9537;1371;2621;10162;1191;1028;221;337;44;96;998;1245;20;136;9;24;2;44;43;40;14;33;16;183;15;42;9;25;22;40;34;14;20;13;44;75;47;39;436;
09462;Bayreuth, Stadt;09;57162;32379;74;32305;;3837;7628;933;2426;10646;1715;964;184;402;32;94;891;1029;30;124;12;7;0;65;34;80;23;22;16;160;6;27;15;12;24;27;37;42;14;24;27;130;47;52;467;
09463;Coburg, Stadt;09;31595;17848;57;17791;;2509;4065;582;1352;5934;682;457;87;208;45;69;543;628;20;63;3;13;1;30;29;25;16;14;9;50;4;30;2;11;14;21;30;12;16;7;13;30;33;25;109;
09464;Hof, Stadt;09;33055;16489;54;16435;;2348;2384;485;1926;6226;592;635;152;202;26;58;259;454;17;86;5;3;0;44;30;111;41;12;7;34;5;33;9;12;10;22;22;10;14;9;8;26;32;22;64;
09471;Bamberg;09;116313;70364;177;70187;;5635;9497;1290;7933;31770;2292;4438;407;809;211;390;1574;1265;93;655;14;29;5;141;104;79;13;51;45;111;85;133;37;45;60;82;92;62;53;22;40;78;115;138;294;
09472;Bayreuth;09;84304;50453;135;50318;;5612;6845;910;4269;22991;1284;3810;195;589;83;269;982;799;67;304;11;8;1;110;88;73;15;36;42;80;29;76;24;34;25;57;56;39;39;8;31;62;115;75;175;
09473;Coburg;09;69832;40006;112;39894;;5802;5626;836;3555;16526;1091;2431;169;490;78;166;1009;862;43;156;8;24;0;97;47;43;61;29;36;57;13;61;22;28;27;39;42;34;34;15;16;51;78;46;146;
09474;Forchheim;09;90648;57875;143;57732;;5207;9967;1252;4968;24369;1818;4426;306;644;98;257;1359;1067;63;286;12;11;12;120;76;132;19;31;25;121;35;94;22;35;33;54;76;57;37;18;24;104;107;74;316;
09475;Hof;09;76879;43751;124;43627;;6540;4741;860;4528;18790;1144;2976;201;583;87;181;605;842;48;207;11;8;2;99;100;246;28;40;19;55;28;59;17;28;31;32;62;39;35;13;12;45;98;74;113;
09476;Kronach;09;54955;31142;114;31028;;4644;3113;603;2896;14769;680;1774;122;489;91;126;413;423;21;108;7;11;2;72;56;49;17;21;16;45;24;38;11;26;26;33;25;16;23;1;6;14;104;32;81;
09477;Kulmbach;09;58900;33827;105;33722;;4463;4787;675;3218;14217;894;2309;131;426;77;119;732;627;37;168;2;3;0;67;58;76;15;27;15;70;17;41;10;28;18;36;43;26;23;10;17;27;74;51;88;
09478;Lichtenfels;09;53699;30999;108;30891;;3090;3859;573;3062;14664;745;1835;127;414;89;152;673;639;38;192;3;4;0;62;55;49;21;17;7;38;14;72;12;24;16;25;35;21;27;8;6;32;54;45;92;
09479;Wunsiedel i.Fichtelgebirge;09;58033;31669;140;31529;;4869;3531;690;3428;13167;789;1874;126;558;84;162;420;589;55;260;7;7;2;113;70;44;29;23;9;55;21;41;13;27;26;32;51;21;30;10;11;46;77;57;105;
09561;Ansbach, Stadt;09;30644;16542;68;16474;;1891;3383;608;1683;5590;504;685;128;239;37;76;695;348;30;71;9;3;1;47;32;34;21;11;9;43;3;26;8;10;12;20;18;15;8;2;6;31;44;21;72;
09562;Erlangen, Stadt;09;77514;51535;113;51422;;6222;14870;2151;3041;14136;2151;1352;586;425;54;157;2116;1953;40;139;6;27;1;58;47;86;56;42;17;286;11;61;17;33;30;50;56;59;29;25;61;204;47;53;667;
09563;Fürth, Stadt;09;86896;49124;172;48952;;6914;12144;2406;4348;13687;1694;1280;387;684;71;210;1112;1655;61;236;34;38;4;105;94;199;64;49;25;217;24;59;21;39;47;53;72;58;42;34;57;144;99;63;422;
09564;Nürnberg, Stadt;09;342881;201242;590;200652;;25941;48464;9649;17661;60582;6862;4904;1986;2598;382;682;5348;6874;249;632;132;99;17;351;303;385;377;188;114;872;67;249;74;167;133;263;300;241;174;98;253;482;324;288;1887;
09565;Schwabach, Stadt;09;30044;17944;75;17869;;2200;4037;520;1508;6428;583;678;130;245;30;101;454;343;25;87;6;5;0;32;23;39;24;16;7;47;4;27;9;15;10;17;20;20;17;6;4;27;21;26;78;
09571;Ansbach;09;140434;83057;228;82829;;7498;13660;2078;6957;35857;2248;5538;660;962;287;506;2410;1326;101;526;20;14;8;142;150;284;22;52;51;130;21;104;27;62;57;95;114;86;63;29;51;85;145;131;272;
09572;Erlangen-Höchstadt;09;103993;69148;183;68965;;7638;15265;1660;5296;25955;2391;3925;461;713;117;284;1671;1431;47;325;5;6;1;113;78;85;40;37;40;174;24;92;27;30;41;62;84;77;31;12;34;123;98;70;402;
09573;Fürth;09;91862;59550;154;59396;;7306;12093;1557;5563;22181;1780;2989;378;811;112;266;1179;1173;54;282;16;9;5;124;91;134;17;34;23;118;37;98;12;36;36;54;66;42;46;19;27;108;133;102;285;
09574;Nürnberger Land;09;130181;84954;220;84734;;9755;16989;2238;7088;32412;2284;5143;690;1058;136;351;2103;1666;79;341;26;11;4;191;112;167;110;48;40;215;28;103;30;50;64;75;77;84;50;23;49;117;219;104;404;
09575;Neustadt a.d.Aisch-Bad Windsheim;09;77458;47420;165;47255;;4516;7645;1178;3787;20168;1324;3580;308;566;163;232;1407;802;53;279;10;12;0;84;66;89;17;34;21;93;22;59;16;25;35;49;64;52;38;11;26;61;88;69;206;
09576;Roth;09;98021;61851;173;61678;;6261;11047;1404;5260;25935;1664;3854;388;785;96;262;1485;1149;76;355;5;19;4;127;99;98;29;40;41;102;34;94;19;44;46;57;73;63;42;15;28;85;112;109;272;
09577;Weißenburg-Gunzenhausen;09;72142;42249;140;42109;;4226;6863;928;3206;19042;960;2513;345;455;85;181;1356;630;51;275;9;8;1;66;59;108;15;36;17;61;18;50;15;36;28;31;35;29;41;10;14;35;71;53;147;
09661;Aschaffenburg, Stadt;09;50032;28272;146;28126;;3196;6548;1029;2517;9236;1255;693;171;341;57;123;1059;817;37;87;13;25;0;45;45;15;27;22;12;102;3;47;13;30;24;34;41;28;28;15;43;58;54;45;191;
09662;Schweinfurt, Stadt;09;37301;18077;83;17994;;2512;3022;861;2078;6393;606;583;117;201;21;65;348;484;27;109;3;20;3;43;29;31;52;15;5;45;9;22;7;10;17;20;26;22;15;3;17;29;19;19;86;
09663;Würzburg, Stadt;09;98961;62514;150;62364;;6512;19475;2431;3692;18068;2834;1390;518;712;78;152;1520;2373;38;173;25;17;7;102;70;66;28;99;41;358;8;68;12;36;30;83;55;90;47;33;61;209;69;75;709;
09671;Aschaffenburg;09;133359;83199;393;82806;;9308;15407;1907;7486;32619;3403;3914;460;1119;137;439;2039;1708;109;429;23;26;4;172;155;67;75;53;58;184;28;134;34;78;67;118;128;64;61;25;42;115;161;148;302;
09672;Bad Kissingen;09;83393;50100;177;49923;;4218;6868;1262;4524;24213;1508;2722;250;638;135;225;1006;769;54;303;8;8;6;110;68;60;6;55;30;66;18;76;25;27;45;56;70;36;48;15;18;54;81;87;155;
09673;Rhön-Grabfeld;09;63683;37849;151;37698;;2999;5651;920;2850;18684;1085;2198;175;357;80;216;547;761;43;220;9;5;3;55;67;59;9;38;18;49;19;62;10;20;25;51;46;34;29;7;21;41;53;61;121;
09674;Haßberge;09;68076;41409;141;41268;;4229;5294;978;3867;18972;1139;2457;215;482;160;235;1226;691;49;320;12;9;2;75;54;51;3;29;15;54;32;77;21;27;39;52;41;20;25;10;16;39;65;60;126;
09675;Kitzingen;09;69339;42702;128;42574;;4202;6920;956;3447;17793;1345;3599;218;551;110;210;981;675;45;393;7;6;5;94;67;74;16;33;29;75;18;63;15;27;32;39;51;27;38;12;29;62;56;73;181;
09676;Miltenberg;09;95625;57058;281;56777;;6387;9494;1352;4661;23471;2011;3477;307;794;95;291;1391;1025;99;296;17;13;6;118;92;75;91;48;30;119;18;91;28;40;46;82;78;56;59;15;25;69;125;96;189;
09677;Main-Spessart;09;99845;63090;237;62853;;6997;10240;1249;4917;27794;1679;4068;335;972;106;271;1082;1228;79;341;15;13;2;124;92;44;20;37;37;137;33;93;20;36;43;75;78;64;38;14;22;64;106;81;207;
09678;Schweinfurt;09;91257;57003;198;56805;;5417;8583;1348;5026;26229;1728;3111;259;713;121;316;1094;986;74;389;4;15;6;122;82;77;15;33;24;73;28;81;31;48;40;65;75;53;38;11;25;61;106;91;207;
09679;Würzburg;09;127271;86646;259;86387;;9695;17730;1841;5991;35729;3078;3933;501;1079;138;387;1791;1677;94;484;10;16;3;140;102;93;33;81;37;183;37;134;28;52;42;112;98;70;60;37;43;142;125;149;412;
09761;Augsburg, Stadt;09;190297;105747;363;105384;;10642;27011;4085;9421;32368;3837;3389;700;1465;139;316;3463;3608;112;643;37;48;12;196;156;187;309;100;68;504;15;164;36;108;73;114;135;157;102;48;102;262;191;132;929;
09762;Kaufbeuren, Stadt;09;31409;16454;52;16402;;1422;3365;553;1676;6257;508;797;134;194;21;51;466;301;19;140;4;3;2;31;28;29;21;20;11;48;4;17;6;11;14;13;23;22;11;5;13;29;33;20;80;
09763;Kempten (Allgäu), Stadt;09;48801;27480;110;27370;;2326;6009;805;2545;9027;1158;2112;168;317;33;87;882;550;41;159;3;14;3;45;45;45;18;145;14;71;8;37;6;24;20;25;34;47;35;11;15;38;48;48;352;
09764;Memmingen, Stadt;09;29480;16907;95;16812;;1761;2925;451;1683;6238;620;871;74;156;70;56;1035;267;31;120;0;4;0;26;13;52;18;15;10;20;10;28;6;9;21;17;18;16;12;4;5;23;24;26;77;
09771;Aichach-Friedberg;09;101054;63818;175;63643;;4575;10564;980;6036;28672;1995;3509;267;726;92;228;2555;1038;66;832;8;13;2;115;72;103;28;36;26;111;10;72;32;35;30;49;62;71;49;14;39;74;105;77;275;
09772;Augsburg;09;188792;113784;345;113439;;8990;20165;2080;10529;47461;3605;7610;596;1446;168;519;4062;1897;127;1080;19;19;13;247;164;152;112;75;57;226;21;180;41;106;85;114;126;149;77;42;53;142;243;144;497;
09773;Dillingen a.d.Donau;09;72685;39769;109;39660;;2859;5345;602;4457;18242;1215;3221;173;415;143;203;811;540;49;436;2;8;1;69;72;61;19;23;26;57;9;60;30;30;30;47;46;34;20;9;11;44;73;51;117;
09774;Günzburg;09;90250;48920;139;48781;;3485;6919;885;5322;22044;1528;3343;249;638;164;207;1300;861;72;477;10;5;1;106;86;60;64;51;24;65;16;73;21;36;40;64;60;62;59;8;25;61;85;67;138;
09775;Neu-Ulm;09;124023;69347;248;69099;;6630;13381;1604;6965;26523;2957;3635;493;867;221;350;1685;1054;96;484;19;28;3;146;121;184;103;51;44;151;15;101;44;47;52;97;84;100;63;30;48;101;120;82;320;
09776;Lindau (Bodensee);09;60124;37133;120;37013;;3023;8863;1025;2454;13873;1308;2760;142;418;29;144;1055;586;50;202;6;4;1;68;64;76;33;38;17;113;13;57;17;25;37;34;28;31;53;12;20;50;74;23;187;
09777;Ostallgäu;09;106144;65320;195;65125;;4198;11561;1282;4789;29243;1817;5142;296;633;68;231;2251;947;79;946;7;2;3;120;110;127;16;80;35;104;11;85;26;75;38;65;75;63;62;15;29;65;113;63;253;
09778;Unterallgäu;09;108873;64090;174;63916;;3810;9316;1100;6401;28551;2026;5071;291;613;136;260;3189;797;91;614;7;13;0;111;93;156;18;58;40;94;23;78;24;36;39;78;89;79;39;20;40;52;110;79;274;
09779;Donau-Ries;09;100343;59240;172;59068;;4771;8139;980;4828;29819;1499;3613;249;594;108;238;1602;789;46;650;10;9;6;72;79;57;20;38;19;65;7;71;18;35;39;61;61;55;25;17;18;60;75;77;149;
09780;Oberallgäu;09;119411;76793;244;76549;;4637;14449;1251;5473;31496;2291;9950;261;782;77;265;2003;863;76;616;11;6;0;136;114;107;26;277;39;133;11;80;24;55;49;64;98;87;71;10;41;79;123;79;339;
09;Bayern;99;9547924;5801454;15920;5785534;;537723;1102420;137089;492443;2355067;197058;308733;32173;66685;8749;20875;181250;113203;5708;53516;1323;1229;414;10186;7970;7681;4615;4597;2888;17565;1845;7233;2057;3991;3577;5802;6781;6716;4202;1981;3621;9050;9278;7015;41225;
10041;Regionalverband Saarbrücken;10;243243;149551;2471;147080;41662;33218;23503;9989;13599;;5780;1593;1192;2759;611;1558;1122;4612;216;71;69;93;28;554;245;61;255;167;62;462;47;223;83;116;190;254;361;135;136;58;148;246;471;226;905;
10042;Merzig-Wadern;10;79282;55222;1303;53919;19894;12157;6290;2988;4792;;2087;534;348;967;151;565;254;1070;88;40;10;9;8;227;93;50;13;41;22;60;8;88;24;49;61;79;133;61;58;9;37;54;215;92;193;
10043;Neunkirchen;10;105049;68364;1516;66848;21543;16980;7217;4235;7115;;2332;491;434;1396;234;857;231;1546;116;35;18;44;3;222;114;39;17;41;37;82;15;132;39;49;90;93;199;72;70;14;33;66;251;125;221;
10044;Saarlouis;10;153711;103631;2441;101190;34002;23988;11971;6046;9825;;3627;983;773;2265;258;1161;391;2305;174;62;42;25;15;427;185;36;104;76;40;119;25;174;64;82;94;182;285;79;115;20;58;118;401;213;380;
10045;Saarpfalz-Kreis;10;113837;78970;1649;77321;24068;16478;11073;4265;8556;;3105;1031;437;1552;199;1478;426;1901;133;67;17;18;4;271;144;75;33;72;28;152;16;131;52;47;82;124;201;75;73;30;31;80;307;138;351;
10046;St. Wendel;10;72330;53802;1396;52406;20728;12362;5704;2262;4170;;1541;751;299;889;134;653;225;1161;68;28;7;12;9;168;72;19;8;38;9;56;13;85;31;30;58;85;126;43;54;12;21;49;178;83;165;
10;Saarland;99;767452;509540;10776;498764;161897;115183;65758;29785;48057;;18472;5383;3483;9828;1587;6272;2649;12595;795;303;163;201;67;1869;853;280;430;435;198;931;124;833;293;373;575;817;1305;465;506;143;328;613;1823;877;2215;
11000;Berlin, Stadt;11;2508435;1520678;13321;1507357;229352;211717;419377;179943;149177;;71576;8109;12422;29702;3183;9743;8893;72846;2202;1049;2439;1016;431;4902;3130;1462;4303;2837;1194;18675;511;6870;664;1385;1613;2632;6617;1713;1939;928;4380;3410;3326;3709;17980;
11;Berlin;99;2508435;1520678;13321;1507357;229352;211717;419377;179943;149177;;71576;8109;12422;29702;3183;9743;8893;72846;2202;1049;2439;1016;431;4902;3130;1462;4303;2837;1194;18675;511;6870;664;1385;1613;2632;6617;1713;1939;928;4380;3410;3326;3709;17980;
12051;Brandenburg an der Havel, Stadt;12;58801;28624;440;28184;5517;5007;3886;3278;4909;;1031;907;161;540;125;427;114;745;67;26;64;22;8;127;90;28;14;57;20;74;30;112;31;36;48;85;91;26;45;12;24;55;75;126;144;
12052;Cottbus, Stadt;12;78559;45012;717;44295;7179;7057;4327;5576;10911;;2180;686;313;712;287;719;185;1366;127;45;118;58;6;189;141;69;21;118;46;143;36;170;46;47;57;186;161;67;84;24;65;81;185;258;249;
12053;Frankfurt (Oder), Stadt;12;44982;22986;341;22645;3817;3168;2535;4177;4698;;974;309;133;306;112;327;58;739;74;22;55;44;1;79;71;26;11;60;19;82;12;79;22;14;30;85;81;30;34;12;12;35;80;129;93;
12054;Potsdam, Stadt;12;135094;86270;719;85551;10733;15230;19813;12502;9322;;3698;674;580;1696;179;906;523;4229;140;54;218;87;22;302;226;87;32;181;88;681;65;243;55;89;111;227;237;113;115;58;255;180;232;237;1131;
12060;Barnim;12;151574;88868;1434;87434;14420;13267;10792;13074;17216;;3294;3528;467;1674;508;1425;379;2512;210;86;267;42;27;365;286;79;27;149;91;374;68;333;113;63;122;234;309;86;121;28;136;112;342;457;351;
12061;Dahme-Spreewald;12;136836;86332;1639;84693;15148;14191;10181;9904;17545;;3731;1775;482;1787;696;1747;396;1926;261;141;208;79;23;486;317;79;65;152;85;313;48;392;111;77;122;222;324;123;136;49;73;150;362;414;372;
12062;Elbe-Elster;12;86352;51949;1212;50737;11455;8034;3083;5230;12538;;2322;1282;254;909;562;1306;149;750;171;74;82;44;13;291;206;70;21;100;48;91;38;176;75;66;104;160;126;57;87;17;24;46;190;300;186;
12063;Havelland;12;131243;78129;1091;77038;15158;13531;11786;7643;13798;;3629;1519;422;1597;600;1334;350;1698;166;103;70;66;15;482;280;73;50;112;57;210;39;313;65;59;121;167;247;83;89;31;59;122;253;282;359;
12064;Märkisch-Oderland;12;159898;95162;1653;93509;15116;14538;10237;14383;19763;;4129;1903;446;1922;548;1937;423;2318;270;127;266;70;21;538;304;78;22;199;116;348;77;435;108;71;151;293;425;139;163;28;102;128;455;536;376;
12065;Oberhavel;12;172533;105536;1600;103936;19391;18401;14385;11380;19441;;4722;1995;696;2256;882;1799;483;2484;254;97;142;51;22;613;371;183;44;185;81;322;78;452;99;78;137;246;345;115;133;40;92;148;412;375;506;
12066;Oberspreewald-Lausitz;12;92588;52558;1167;51391;9840;8918;2951;5932;13596;;2194;1148;262;869;609;1132;178;912;190;86;54;59;20;229;203;51;19;101;58;97;28;179;93;27;90;178;159;45;83;15;31;68;209;318;160;
12067;Oder-Spree;12;148367;87721;1583;86138;13944;14108;8455;11529;19212;;3847;2316;582;1614;954;1889;449;2049;275;112;182;93;25;511;337;83;38;178;74;316;54;397;98;49;119;292;339;102;140;47;72;116;331;443;367;
12068;Ostprignitz-Ruppin;12;82700;44207;793;43414;8866;8897;4801;5508;7822;;1571;992;222;660;334;795;146;693;109;49;51;38;21;224;153;34;15;67;25;123;35;147;76;30;63;120;115;29;51;5;20;45;158;177;127;
12069;Potsdam-Mittelmark;12;172790;113815;1823;111992;21752;20940;19140;11415;16468;;5755;2207;705;2007;611;2058;488;2498;305;161;203;71;44;537;343;99;60;179;106;460;97;369;85;95;153;266;293;132;124;46;93;159;374;458;636;
12070;Prignitz;12;64169;35814;661;35153;7441;7459;2889;4101;6730;;1554;847;171;574;220;680;78;570;103;54;44;61;14;175;115;54;13;70;41;77;19;117;65;32;64;99;65;34;39;10;23;56;110;188;97;
12071;Spree-Neiße;12;96700;59372;1260;58112;10485;9070;3683;5962;17945;;2800;976;220;911;449;1214;150;930;202;101;124;53;25;331;226;63;22;115;60;93;48;207;78;46;111;199;201;63;93;18;35;66;212;336;189;
12072;Teltow-Fläming;12;135562;81353;1476;79877;14179;14256;9957;9093;15401;;3485;1734;489;1927;472;1788;327;1975;255;95;133;75;30;583;361;105;35;139;80;250;69;315;86;73;136;230;270;69;102;30;76;115;357;354;371;
12073;Uckermark;12;99858;54388;1039;53349;11082;10187;4323;6983;11102;;1846;1110;281;792;591;1192;141;819;185;55;99;51;18;250;165;51;22;134;70;159;98;169;61;38;92;160;126;95;74;14;40;61;177;296;140;
12;Brandenburg;99;2048606;1218096;20648;1197448;215523;206259;147224;147670;238417;;52762;25908;6886;22753;8739;22675;5017;29213;3364;1488;2380;1064;355;6312;4195;1312;531;2296;1165;4213;939;4605;1367;990;1831;3449;3914;1408;1713;484;1232;1743;4514;5684;5854;
13003;Rostock;13;168169;101031;1356;99675;17268;16635;17632;16747;12351;;3581;1044;820;1393;562;1457;447;4406;287;64;195;122;23;294;254;158;34;128;102;397;35;315;81;103;184;275;329;109;158;44;132;238;290;373;608;
13004;Schwerin;13;75984;44832;530;44302;8650;8221;6137;6606;6986;;1842;726;372;556;234;533;166;1051;102;26;123;47;7;145;98;74;36;89;41;114;10;111;35;37;72;136;151;36;77;17;50;70;122;178;218;
13071;Mecklenburgische Seenplatte;13;215869;119010;2513;116497;30486;16235;9622;18042;22803;;4446;1793;492;1436;1208;1960;305;1851;438;60;166;133;44;455;306;164;40;167;118;220;64;249;140;91;216;441;315;216;174;44;91;138;372;637;319;
13072;Landkreis Rostock;13;175793;107583;2118;105465;27814;16762;10752;13537;18147;;4239;1760;499;1383;1133;1859;380;1664;338;62;149;89;28;447;312;397;48;155;86;212;70;253;131;91;199;362;363;113;159;24;73;115;362;552;346;
13073;Vorpommern-Rügen;13;185938;103257;2437;100820;29362;11764;9459;13477;19721;;3867;1229;579;1550;870;1836;249;1774;354;51;201;70;29;457;310;141;37;158;90;218;41;230;102;82;158;352;269;90;133;37;53;110;382;579;349;
13074;Nordwestmecklenburg;13;127880;77174;1722;75452;17240;14920;9175;9755;11945;;2819;841;467;967;835;1358;255;1286;228;57;110;53;18;313;197;71;23;95;61;162;26;181;91;54;136;226;246;54;107;23;77;117;246;348;269;
13075;Vorpommern-Greifswald;13;193787;111752;2550;109202;28181;13228;9952;13211;23749;;4247;1417;471;2207;2341;1871;375;2146;379;70;169;69;23;469;285;175;43;211;104;261;59;239;143;77;210;376;323;136;142;33;94;186;409;688;433;
13076;Ludwigslust-Parchim;13;172741;104441;2239;102202;25893;19532;8556;13577;17503;;4194;1387;487;1348;1338;1921;262;1309;318;65;131;76;23;443;271;180;27;117;90;135;31;236;117;83;186;379;331;84;131;30;74;105;412;513;307;
13;Mecklenburg-Vorpommern;99;1316161;769080;15465;753615;184894;117297;81285;104952;133205;;29235;10197;4187;10840;8521;12795;2439;15487;2444;455;1244;659;195;3023;2033;1360;288;1120;692;1719;336;1814;840;618;1361;2547;2327;838;1081;252;644;1079;2595;3868;2849;
14511;Chemnitz, Stadt;14;193089;120497;1542;118955;23868;12314;13317;16515;27980;;6133;1793;744;1797;633;1540;824;4598;287;79;161;101;35;341;383;562;46;232;170;433;157;349;186;117;175;280;386;145;196;66;104;326;409;427;746;
14521;Erzgebirgskreis;14;283006;182031;4611;177420;48621;13628;9430;18887;49827;;7938;7598;754;2468;2304;2734;919;2794;440;221;163;89;43;652;583;1499;44;243;197;237;270;410;273;173;269;450;435;152;268;46;102;229;738;747;545;
14522;Mittelsachsen;14;251968;161854;3457;158397;42234;12493;9898;16819;45066;;7384;6351;737;2204;1472;2245;888;2979;376;160;144;89;23;578;472;472;58;279;146;291;203;417;171;106;268;398;407;116;210;58;95;241;580;694;575;
14523;Vogtlandkreis;14;189613;115940;2524;113416;29904;11234;8194;13797;27082;;5502;2898;513;2189;706;1663;820;2063;285;153;102;87;24;493;376;803;29;190;122;198;788;288;135;101;205;275;302;105;193;40;91;132;473;471;390;
14524;Zwickau;14;264125;159475;3549;155926;40838;14183;11191;18838;37609;;7799;5756;626;3013;1395;2088;867;3397;356;194;160;140;25;681;524;820;39;217;209;250;319;366;271;128;240;368;426;158;250;46;125;184;650;604;576;
14612;Dresden, Stadt;14;428979;294298;2881;291417;54477;24539;51485;36287;57588;;14684;6733;3221;3649;1375;2595;3397;13837;518;197;270;214;73;618;673;636;88;604;368;1819;156;709;266;279;372;499;801;391;396;181;689;889;724;877;4243;
14625;Bautzen;14;249292;162461;4072;158389;39296;10874;8986;16218;50797;;7834;5270;738;2176;1217;2829;1080;2728;541;227;147;88;33;484;513;408;65;285;257;330;118;423;260;118;322;529;478;184;281;54;92;204;598;792;515;
14626;Görlitz;14;209406;132908;3264;129644;32282;8510;8215;13039;41988;;4837;3637;610;2051;1186;2484;700;2464;480;182;124;74;29;575;501;490;51;288;164;284;114;450;196;109;247;382;442;166;270;33;101;182;556;730;421;
14627;Meißen;14;199321;128305;2606;125699;29621;9015;9993;12327;39018;;6338;3620;667;1866;1308;1932;1142;2347;339;149;102;85;19;448;409;271;60;250;170;272;85;337;196;86;208;355;444;133;210;42;112;166;432;564;561;
14628;Sächsische Schweiz-Osterzgebirge;14;201720;135002;2860;132142;30801;8342;9292;12255;43478;;6168;5417;626;1893;1726;1932;868;2213;395;196;129;84;19;451;448;263;47;242;169;301;111;407;245;114;250;383;402;148;248;45;101;178;516;637;602;
14713;Leipzig, Stadt;14;454329;279855;3360;276495;44611;29478;55819;41364;42954;;11631;4160;2207;4423;846;2667;2148;15648;553;174;309;300;84;833;750;480;107;767;452;2348;154;920;250;266;399;641;960;292;458;185;1227;860;904;834;3032;
14729;Leipzig;14;213888;132163;2783;129380;34424;12920;10310;13918;32594;;5959;3880;596;1999;975;2067;574;2345;340;108;127;86;31;547;417;220;48;207;185;289;113;406;267;98;204;356;440;103;204;52;111;151;565;586;558;
14730;Nordsachsen;14;162384;94871;2339;92532;23753;9426;6277;10024;24687;;4358;3260;445;1288;1068;1497;340;1535;254;77;92;65;29;397;281;91;31;127;108;148;126;276;164;54;144;253;290;79;127;40;64;116;412;466;263;
14;Sachsen;99;3301120;2099660;39848;2059812;474730;176956;212407;240288;520668;;96565;60373;12484;31016;16211;28273;14567;58948;5164;2117;2030;1502;467;7098;6330;7015;713;3931;2717;7200;2714;5758;2880;1749;3303;5169;6213;2172;3311;888;3014;3858;7557;8429;13027;
15001;Dessau-Roßlau, Stadt;15;66949;36512;798;35714;8288;4400;3754;4937;7303;;1789;492;162;637;240;589;117;637;131;55;44;40;19;189;195;30;24;86;41;70;31;165;63;24;57;129;120;50;64;26;39;67;185;262;163;
15002;Halle (Saale), Stadt;15;185329;106938;1561;105377;18783;11965;17907;16456;16930;;5462;1452;616;1688;324;1214;604;4718;258;141;160;155;33;416;408;159;60;254;141;767;50;399;105;85;93;249;426;197;150;78;330;332;375;506;931;
15003;Magdeburg, Landeshauptstadt;15;188108;102815;1615;101200;19188;14518;14670;15170;16283;;4633;871;646;2051;402;1329;409;4146;299;67;112;146;38;482;923;103;48;242;119;508;60;306;108;71;113;252;294;222;141;56;128;277;357;530;882;
15081;Altmarkkreis Salzwedel;15;69354;38977;889;38088;9374;5410;3339;6263;6538;;1691;488;180;513;199;772;137;703;152;55;44;44;16;178;243;45;26;73;50;91;26;121;73;42;75;143;114;65;87;29;60;42;153;280;154;
15082;Anhalt-Bitterfeld;15;135013;71757;1860;69897;17382;8225;4537;9949;15786;;3256;1678;268;1280;461;1313;158;1158;197;69;99;98;25;442;451;79;38;141;101;135;52;209;123;57;103;223;206;81;106;38;48;88;468;557;212;
15083;Börde;15;142547;76206;1665;74541;19072;10302;5605;9456;15221;;3565;1188;303;1288;469;1548;251;1428;299;118;95;77;36;473;506;83;38;154;97;157;45;222;165;66;123;292;223;83;117;30;74;105;415;464;288;
15084;Burgenlandkreis;15;148580;82394;2136;80258;18973;8803;4930;10738;19749;;3975;1499;353;1291;1023;1642;264;1379;316;159;99;98;41;473;466;109;57;168;183;153;76;238;223;67;149;288;284;134;166;45;81;93;491;702;280;
15085;Harz;15;182756;97792;2355;95437;25440;12593;8723;13851;17111;;4079;1308;416;1754;546;1669;339;1849;302;148;99;92;41;555;550;112;52;166;123;217;59;262;160;75;134;296;280;140;164;35;101;130;489;636;341;
15086;Jerichower Land;15;75723;41481;1135;40346;10153;5602;3282;5802;7831;;1951;663;152;692;207;737;90;649;130;55;41;30;17;243;290;40;26;88;38;110;30;135;81;18;50;147;126;54;63;17;43;46;204;264;149;
15087;Mansfeld-Südharz;15;115994;62291;1754;60537;13623;7345;3195;9239;15312;;3076;905;206;1019;458;1139;154;970;177;117;88;80;26;455;311;50;38;133;107;94;42;169;135;52;77;228;212;86;93;17;50;56;327;482;194;
15088;Saalekreis;15;154540;88259;2306;85953;20518;9383;5886;11362;20915;;5243;1342;362;1424;550;1654;215;1480;318;137;155;102;30;527;512;79;55;148;133;203;76;285;159;84;143;299;307;113;116;34;71;131;481;630;291;
15089;Salzlandkreis;15;161192;80658;2206;78452;19223;9814;5326;11589;16992;;4147;932;275;1535;523;1429;154;1275;257;120;89;81;44;523;628;124;45;155;82;176;56;234;157;50;117;260;266;81;111;40;48;122;525;536;311;
15090;Stendal;15;93514;50842;1044;49798;11632;6939;4103;7543;9638;;2430;785;192;802;266;1065;143;904;223;65;66;57;35;266;267;107;38;137;60;125;29;163;92;46;87;160;180;74;80;39;54;62;253;388;203;
15091;Wittenberg;15;106738;61436;1520;59916;14789;7144;4088;7727;13075;;2445;3273;264;912;551;911;134;1089;167;104;72;67;33;287;297;83;28;141;88;103;60;172;94;49;86;178;154;82;78;24;46;56;326;411;228;
15;Sachsen-Anhalt;99;1826337;998358;22844;975514;226438;122443;89345;140082;198684;;47742;16876;4395;16886;6219;17011;3169;22385;3226;1410;1263;1167;434;5509;6047;1203;573;2086;1363;2909;692;3080;1738;786;1407;3144;3192;1462;1536;508;1173;1607;5049;6648;4627;
16051;Erfurt, Stadt;16;165659;100627;1454;99173;19565;12137;14638;15662;16672;;4678;1785;983;1435;312;1051;640;4014;232;66;119;241;16;289;239;275;42;265;316;392;287;276;79;71;125;222;266;139;154;58;136;173;234;262;627;
16052;Gera, Stadt;16;76771;43578;702;42876;7806;3961;3048;7421;12698;;1855;668;199;556;328;557;174;1361;115;47;65;72;14;144;127;44;17;91;109;93;65;137;59;26;66;128;143;40;81;32;28;48;116;189;148;
16053;Jena, Stadt;16;82364;53518;575;52943;8324;6368;10779;8292;6738;;3444;633;494;636;123;419;425;2846;94;56;58;125;15;90;113;76;25;127;96;408;32;132;33;62;48;98;121;77;73;46;251;196;97;226;647;
16054;Suhl, Stadt;16;30717;17351;292;17059;4240;1942;1425;3333;3146;;553;533;78;215;95;199;89;301;47;30;39;33;7;60;48;27;9;51;45;35;10;42;38;22;14;27;59;29;26;4;20;26;41;72;49;
16055;Weimar, Stadt;16;49921;31460;403;31057;6223;3556;6027;4675;4350;;1278;328;297;455;197;331;183;1261;59;32;40;66;5;66;81;79;7;103;64;252;26;72;33;31;42;82;77;33;53;21;62;70;91;107;242;
16056;Eisenach, Stadt;16;33008;19656;315;19341;3873;2436;1999;2877;3874;;833;219;113;305;883;243;92;510;53;24;24;64;7;57;65;35;12;96;43;44;6;65;29;13;22;48;61;18;52;8;12;38;52;66;70;
16061;Eichsfeld;16;80973;53326;935;52391;21896;4317;3852;3782;9786;;2226;1516;202;495;674;848;438;643;107;56;22;36;6;91;122;59;12;70;55;58;5;112;34;36;59;97;110;39;42;14;15;44;87;180;148;
16062;Nordhausen;16;69807;41083;793;40290;9332;5373;3015;6489;8992;;1799;509;160;619;414;614;151;745;126;32;41;106;10;145;138;66;11;193;67;65;24;119;41;22;56;116;110;28;58;2;22;33;135;173;139;
16063;Wartburgkreis;16;98890;61886;1348;60538;16902;6564;3966;7787;13890;;2320;2347;248;781;1042;872;206;933;149;72;49;128;12;165;192;69;10;137;120;83;23;143;79;50;61;160;131;32;89;16;40;62;189;234;185;
16064;Unstrut-Hainich-Kreis;16;84351;50181;1072;49109;13180;5844;3402;6073;11351;;2199;1831;215;656;324;819;186;791;126;66;48;85;18;137;181;47;14;112;98;68;25;124;54;44;68;116;131;32;76;13;17;47;152;190;149;
16065;Kyffhäuserkreis;16;63063;37495;1049;36446;8740;4903;1707;5896;8471;;1340;919;172;556;751;547;120;503;110;45;45;60;9;147;137;29;18;84;87;42;15;104;54;28;67;90;85;34;64;4;23;49;151;142;98;
16066;Schmalkalden-Meiningen;16;104437;63883;1456;62427;16264;8279;4357;8222;13895;;2463;1787;333;885;498;984;245;1064;177;102;72;109;12;193;206;157;21;109;177;122;29;170;127;54;82;172;149;70;111;18;50;74;185;225;178;
16067;Gotha;16;107910;64599;1409;63190;15260;8949;4762;7840;14385;;2462;1721;437;890;644;928;255;1378;169;73;47;108;20;229;183;91;24;130;155;105;91;188;107;54;93;188;166;74;112;28;48;77;251;239;229;
16068;Sömmerda;16;57450;35151;828;34323;9493;3093;2087;4687;8493;;1501;759;174;531;443;599;110;631;104;39;34;61;7;114;120;24;22;85;88;44;36;108;59;26;64;89;89;26;54;15;15;40;137;120;102;
16069;Hildburghausen;16;52476;33914;719;33195;8528;3325;1855;4660;8030;;1080;1673;164;445;303;554;243;590;113;76;60;56;10;105;123;46;10;48;89;40;27;101;76;43;43;113;68;36;64;16;24;26;110;117;105;
16070;Ilm-Kreis;16;85619;54305;1113;53192;12000;5426;4465;7262;13419;;2229;1399;352;795;376;781;235;1519;162;53;44;120;6;163;177;77;19;151;180;117;54;160;87;56;78;156;164;70;100;29;31;91;201;170;218;
16071;Weimarer Land;16;66547;43772;919;42853;11837;3720;3236;4960;10449;;1959;1370;223;640;521;690;144;828;129;54;37;73;6;142;128;54;16;100;90;77;57;164;69;36;64;121;148;64;55;16;42;81;162;144;147;
16072;Sonneberg;16;48378;27807;524;27283;7146;2596;1696;4045;7206;;889;407;110;389;267;316;234;583;54;70;36;97;11;124;75;42;8;46;52;41;30;94;42;30;51;71;65;19;34;3;16;33;110;73;72;
16073;Saalfeld-Rudolstadt;16;88342;53882;1034;52848;12180;5596;3328;6817;14592;;2422;1355;273;780;485;818;217;1176;193;55;58;132;9;188;171;62;29;101;127;91;67;178;89;53;99;159;156;68;112;15;34;49;171;181;162;
16074;Saale-Holzland-Kreis;16;68278;45101;1003;44098;11366;3966;3183;6282;10210;;2310;1013;225;798;326;796;211;877;170;86;48;89;11;153;137;62;33;119;108;94;59;135;87;28;70;134;116;56;114;17;44;67;134;185;179;
16075;Saale-Orla-Kreis;16;67029;42514;884;41630;10429;3791;2253;5713;11264;;1946;1136;185;605;297;825;216;718;122;75;58;76;5;161;99;92;13;84;99;66;53;134;79;52;68;136;126;45;78;19;29;37;139;162;145;
16076;Greiz;16;82940;53197;1139;52058;14559;4859;3031;6427;13297;;2288;999;244;866;375;978;195;934;152;111;48;80;10;216;175;120;26;146;126;96;64;164;88;46;104;166;158;80;104;24;36;48;193;254;171;
16077;Altenburger Land;16;75936;42954;1053;41901;10674;4582;2298;5664;11371;;1641;587;185;678;325;751;135;703;133;51;51;67;16;160;129;92;17;73;85;57;68;138;112;36;68;149;140;58;69;12;34;44;175;153;120;
16;Thüringen;99;1740866;1071240;21019;1050221;259817;115583;90409;144866;236579;;45715;25494;6066;15011;10003;15520;5144;24909;2896;1371;1143;2084;242;3339;3166;1725;415;2521;2476;2490;1153;3060;1555;919;1512;2838;2839;1167;1775;430;1029;1453;3313;3864;4330;
99;Bundesgebiet;;61600263;37807746;410857;37396889;8438975;5916882;7677071;2056049;4104453;2355067;2028594;806703;243302;542226;101011;273828;369869;899079;58400;81880;20396;18342;5283;99780;68572;66327;68647;40818;25449;130229;12756;71295;24598;27784;33160;55293;76255;43961;34470;15909;35796;62604;85809;70869;249098;